type,question,answer
单选题,根据《A类基础设施业务管理手册》CSCEC83-IPC-2022相关规定，以下不属于A类基础设施项目的是（ ）,D
单选题,根据《A类基础设施业务管理手册》CSCEC83-IPC-2022相关规定，以下不属于2522履约督导的内容是,A
单选题,根据《A类基础设施业务管理手册》CSCEC83-IPC-2022相关规定，以下不属于一级节点的是（ ）,C
单选题,根据《A类基础设施业务管理手册》CSCEC83-IPC-2022相关规定，以下不属于项目部的管理职责的是（ ）,A
单选题,根据《A类基础设施业务管理手册》CSCEC83-IPC-2022相关规定，项目部实施计划中《项目部实施计划》编写任务表项目责任人是（ ）,A
单选题,根据《A类基础设施业务管理手册》CSCEC83-IPC-2022相关规定，项目部实施计划中，物资（设备）需用计划表项目责任人是（）,D
单选题,根据《A类基础设施业务管理手册》CSCEC83-IPC-2022相关规定，项目部实施计划中，物资（设备）进场验收计划项目责任人是（ ）,D
单选题,根据《A类基础设施业务管理手册》CSCEC83-IPC-2022相关规定，项目部实施计划中，施工平面规划方案项目责任人是（ ）,D
单选题,根据《A类基础设施业务管理手册》CSCEC83-IPC-2022相关规定，项目部实施计划中，职业健康与安全生产管理计划项目责任人是（ ）,A
单选题,根据《A类基础设施业务管理手册》CSCEC83-IPC-2022相关规定，原地貌踏勘，搜集相关征拆内容项目责任人是（ ）,B
单选题,根据《A类基础设施业务管理手册》CSCEC83-IPC-2022相关规定，征地完成后（ ）日，办公区、生活区具备使用条件。,B
单选题,根据《A类基础设施业务管理手册》CSCEC83-IPC-2022相关规定，施工组织设计编制，项目主要责任人是（ ）,B
单选题,根据《A类基础设施业务管理手册》CSCEC83-IPC-2022相关规定，与业主、设计院进行会 审图纸会审完成，项目主要责任人是（）,B
单选题,根据《A类基础设施业务管理手册》CSCEC83-IPC-2022相关规定，项目一级节点计划编制及调整，审批责任人为（ ）,D
单选题,根据《A类基础设施业务管理手册》CSCEC83-IPC-2022相关规定，建设单位、监理例会纪要，项目部在收到监理例会纪要后（ ）小时内上报,B
单选题,根据《A类基础设施业务管理手册》CSCEC83-IPC-2022相关规定，建设单位、监理例会纪要，项目主要责任人是（ ）,B
单选题,根据《A类基础设施业务管理手册》CSCEC83-IPC-2022相关规定，项目部在交竣工前不迟于（ ）个月开展交竣工策划，着手编制销项计划和交竣工验收计划，在工程正式移交前一个月或者正式停工前（预计停工期不少于一个月）一周，制订<工程收尾工作计划>，妥善安排项目收尾工作,D
单选题,根据《A类基础设施业务管理手册》CSCEC83-IPC-2022相关规定，交竣工前（ ）个月开始，逐层级进行销项，销项计划制定应按层次和阶段来组织，确保顺利销项收尾,D
单选题,根据《A类基础设施业务管理手册》CSCEC83-IPC-2022相关规定，工程技术资料、工程质量和施工进度进行自检，项目责任人是（ ）,B
单选题,根据《A类基础设施业务管理手册》CSCEC83-IPC-2022相关规定，汇总编写 《项目完工总结报告》项目责任人是（ ）,D
单选题,根据《A类基础设施业务管理手册》CSCEC83-IPC-2022相关规定，履约投诉造成不良影响，极有可能引发业主重大索赔、受到政府严重行政处罚、造成严重不良社会影响或对局市场营销将产生严重不良影响的投诉，属于（ ）投诉,C
单选题,根据《A类基础设施业务管理手册》CSCEC83-IPC-2022相关规定，履约投诉需约见局分管领导，属于（ ）投诉,C
单选题,根据《A类基础设施业务管理手册》CSCEC83-IPC-2022相关规定，标杆项目提出立项申请，需在每年（ ）月底前,B
单选题,公司A 类基础设施合格分包商分级管理，级别划分为（ ）等级,B
单选题,公司施工方案，需公司总工程师审批的是（ ）类,B
单选题,项目部应按照要求组织对施工组织设计进行交底，项目责任人为（）,B
单选题,施工组织设计因不同的原因需更改，项目责任人为（ ）,B
单选题,根据《A类基础设施业务管理手册》CSCEC83-IPC-2022相关规定，首件工程 （试验段）制作交底及实施，项目主要责任人是（）,D
单选题,根据《A类基础设施业务管理手册》CSCEC83-IPC-2022相关规定，项目辨识危险源的主要责任人是（ ）,C
单选题,根据《A类基础设施业务管理手册》CSCEC83-IPC-2022相关规定，项目部每（ ）组织特种作业人员开展一次安全教育培训,C
单选题,根据《A类基础设施业务管理手册》CSCEC83-IPC-2022相关规定，项目部每月（ ）日前发布危险源清单,A
单选题,根据公司A类基础设施项目高效建造及履约考核管理办法相关规定，关键线路目标管控中，路通相对合同要求竣工日期提前不得少于（ ）个月,B
单选题,根据公司A类基础设施项目高效建造及履约考核管理办法相关规定，关键线路目标管控中，桥通相对合同要求竣工日期提前不得少于（ ）个月,C
单选题,根据公司A类基础设施项目高效建造及履约考核管理办法相关规定，关键线路目标管控中，洞通相对合同要求竣工日期提前不得少于（ ）个月,B
单选题,根据公司A类基础设施项目高效建造及履约考核管理办法相关规定，关键线路目标管控中，轨通相对合同要求竣工日期提前不得少于（ ）个月,C
单选题,根据公司A类基础设施项目高效建造及履约考核管理办法相关规定，关键线路目标管控中，城市快速路主线阶段开通要求竣工日期前不少于（ ）个月,D
单选题,根据公司A类基础设施项目高效建造及履约考核管理办法相关规定，每个项目每年设置一级节点（ ）个，项目年进度计划编制阶段明确,A
单选题,根据公司A类基础设施项目高效建造及履约考核管理办法相关规定，工期延误预警分级划分中，一级节点计划延误（ ）天为黄色预警,C
单选题,根据公司A类基础设施项目高效建造及履约考核管理办法相关规定，工期延误预警分级划分中，一级节点计划延误（ ）天为橙色预警,C
单选题,根据公司A类基础设施项目高效建造及履约考核管理办法相关规定，工期延误预警分级划分中，一级节点计划延误（ ）天及以上为红色预警,B
单选题,根据公司A类基础设施项目高效建造及履约考核管理办法相关规定，橙色预警的处置人为（ ）,B
单选题,根据公司A类基础设施项目高效建造及履约考核管理办法相关规定，发生业主电话或信息投诉的项目为（ ）,C
单选题,根据公司A类基础设施项目高效建造及履约考核管理办法相关规定，发生业主书面投诉的项目为（ ）,D
单选题,"根据公司A类基础设施项目高效建造及履约考核管理办法相关规定，连续2个月月度计划完成（ ）%以下的项目,项目班子成员当月绩效考核均为C档，由二级单位副总经理约谈项目经理，并报基础设施事业部备案",C
单选题,根据公司A类基础设施十项重大安全风险项目管控要点指引的相关要求，桥梁上部结构现浇前，（ ）主责对满堂支架地基基础是否满足承载力要求进行现场调查,D
单选题,根据公司A类基础设施十项重大安全风险项目管控要点指引的相关要求，桥梁架桥机安装及拆除作业时，（ ）主责架桥机的验收,A
单选题,根据公司A类基础设施十项重大安全风险项目管控要点指引的相关要求，某工程预制梁运输过程中因便道转弯半径偏小、便道承载力不足等原因，造成运梁车侧翻，梁体断裂。请问项目部（ ）负主责,B
单选题,根据公司A类基础设施十项重大安全风险项目管控要点指引的相关要求，某工程现场未设置危大工程标志牌，行业主管部门检查时扣分。请问项目部（ ）负主责,D
单选题,根据公司A类基础设施十项重大安全风险项目管控要点指引的相关要求，某隧道工程暗挖法时，因方案中安全技术、管控措施等不明确，内容不充分。造成安全事故，请问项目部（ ）负主责,A
单选题,按混凝土路面接缝的用途可将其分为(    ),C
单选题,路基施工过程中，各施工层表面不应有积水，填方路堤应根据土质和施工时的气候情况，做成（    ）的排水横坡,B
单选题,土石混填路堤施工过程中，石块的最大粒径不得超过（    ）,D
单选题,为了确定路基填土的最大干密度和最佳含水量，应做(     )试验,B
单选题,不同性质的土应分别填筑，不得混填。每种填料层累计总厚不宜小于（   ）,A
单选题,洞口开挖土石方进洞前应尽早完成（    ）,D
单选题,水泥稳定类基层施工时，当压实厚度超过(    )时，应分层摊铺,C
单选题,锚杆安装作业应在（    ）及时进行,B
单选题,基坑工程中，应由（  ）委托第三方检测,B
单选题,涵洞完成后，应在涵洞砌体砂浆或砼强度达到设计标准的（   ）时方可填土。,D
单选题,钢筋混凝土轴心受拉构件中，配置在接头长度区段内的焊接受力钢筋在受拉区，其接头的截面面积占总截面面积的最大百分率是（）,A
单选题,灌注桩护筒高度宜高出地面（ ）米或水面（  ）米,C
单选题,在桥梁施工中，泵送混凝土拌合物的坍落度宜为（    ）mm,C
单选题,隧道爆破施工时，光面爆破中炮眼的起爆顺序是（   ）,B
单选题,混凝土自高处卸落时，应防止混凝土离析，直接倾卸时，其自由卸落高度不宜超过（ ）m,A
单选题,根据《市政工程施工安全检查标准》规定，市区主要路段的施工现场应设置高度不低于（ ）米的封闭围挡,C
单选题,根据《市政工程施工安全检查标准》规定，下面关于土石围堰施工说法不正确的是（  ）,D
单选题,根据《市政工程施工安全检查标准》规定，涵洞位于路基范围内时，其顶部以上（  ）范围内不得使用压路机压实,B
单选题,根据《市政工程施工安全检查标准》规定，双机协作起重吊装作业时，单机荷载不应超过额定起重量的（ ）,C
单选题,下列检测项目中，不属于沥青混凝土桥面铺装施工质量检验实测项目的是（ ）,C
单选题,"钢结构焊缝探伤的比例和长度应满足设计要求，设计未要求时，射线法按（ ）抽查,且不少于3条",C
单选题,热拌沥青混合料路面应在待摊铺层自然降温至表面温度低于（ ）℃后，方可开放交通。,C
单选题,城镇道路工程在面层混凝土板在达到设计强度的（ ）以后，方可允许行人通行。,A
单选题,热拌沥青混合料面层摊铺碾压，说法正确的是（  ）,D
单选题,任何单位都必须经公安交通管理部门和（  ）的批准，才能按规定占用和挖掘城市道路,C
单选题,夏季高温时浇筑混凝土应加快浇筑速度，混凝土入模温度不宜高于() ℃。,C
单选题,大体积混凝土常用外加剂是 （  ）,B
单选题,关于沥青混凝土路面施工时选用沥青的说法，不正确的是      （  ）,D
单选题,现浇混凝土应在浇筑完毕后的(  )内加以覆盖并浇水,C
单选题,为保证沥青路面接缝的质量，下列说法错误的是（  ）,B
单选题,混凝土采用泵送时，泵送的间隔时间不宜超过（  ）,B
单选题,设备在居民区域工作时，应采取降噪措施。搅拌、泵送、振捣等作业的允许噪声，昼间为（  ），夜间为（  ）,C
单选题,在下列地基处理方法中，施工前需要选择有代表性地段进行工艺性试验的是（  ）,A
单选题,桩基础施工质量验收要求，桩位的放样允许偏差为：群桩（ ）mm；单排桩（ ）mm,D
单选题,临时设施验收负责人为（ ）,C
单选题,受限空间作业审批人为（  ）,C
单选题,起重吊装作业审批人为（  ）,C
单选题,施工用电设备数量在（  ）台及以上，或用电设备容量在 （）kW及以上时，应编制用电组织设计,B
单选题,分配电箱与开关箱的距离不得超过 （  ）开关箱与用电设备的水平距离不宜超过（  ）,A
单选题,施工现场用气瓶间距不应小于5米、距明火间距不应小于（   ）,C
单选题,起重吊装使用的索具当采用编结连接时，编结长度不应小于（  ）倍的绳径，且不应小于（  ）mm,A
单选题,工作接地电阻不得大于（ ）Ω，重复接地电阻不得大于（）Ω,A
单选题,施工现场开挖沟槽边缘与外电埋地电缆沟槽边缘之间的距离不得小于（  ）m,D
单选题,在建工程（含脚手架具）周边与10kV外电架空线路边线之间的最小安全操作距离应是(    )m,C
单选题,吊索与所吊构件间的水平夹角应为（  ）,B
单选题,用于起吊作业的卷筒在吊装构件时，卷筒上的钢丝绳必须最少保留（  ）圈。,B
单选题,根据《中国建筑股份有限公司安全生产管理手册》，特种作业人员月度安全教育主责人员是（ ）,A
单选题,根据《中国建筑股份有限公司安全生产管理手册》，项目经理每月带班生产时间不得少于当月施工时间的（ ）,C
单选题,喷射混凝土的(  )强度不应小于10 MPa,C
单选题,二次衬砌的施作时间为( ),D
单选题,插入式振捣棒每次插点移动距离应不大于振捣棒作用半径的( ),A
单选题,溜槽出料口距混凝土浇筑面的高度不应超过( ),C
单选题,"钢筋焊接接头在受弯构件的受拉区不应大于( ) ,轴心受拉构件不应大于( )",C
单选题,铺设卷材防水层时，搭接宽度( )，上下两层接缝应相互错开1/3幅度,B
单选题,钢筋检验以同牌号、同炉号、同规格、同交货每( )吨为一个检验批,C
单选题,当桩身浅部存在缺陷时，可采用( )方法进行验证,A
单选题,没有检核条件的导线布设形式是( ),C
单选题,粉体喷射搅拌桩成桩长度及复搅长度应满足设计要求。喷粉中断时，第二次喷粉接桩的喷粉重叠长度不得小于( ),B
单选题,路面工程中，粒料基层完工后应及时洒布透层油并铺筑封层，透层油透入深度应不小于( )mm，无机结合料稳定材料基层透层油透入深度宜不小于3mm。,C
单选题,灌注水下混凝土过程中，若出现堵管现象，应采用( ) 的处理方法,B
单选题,冬季施工时，混凝土拌合物的入模温度不低于( ),A
单选题,采用插入式振动器浇筑混凝土时，分层浇筑的厚度不宜超过( ),C
单选题,钢材焊接拉伸试验，一组试件有2根发生脆断，应再取( )根进行复验,C
单选题,沥青路面透层施工中，透层油洒布后待充分渗透，一般不少于( ) 后才能摊铺上层,B
单选题,结构混凝土取样与试件留置，当一次连续浇筑超过1000m3时，同一配合比的混凝土每（  ）m3取样不得少于一次,C
单选题,地下连续墙的施工工艺不包括( ),D
单选题,349.市政管道施工时，一般应根据管道材质、(   )和地基条件确定管道基础形式。,D
单选题,在雨季施工时，明挖基坑安全风险控制的重点是( )和雨水淹没,A
单选题,综合管廊内纵向坡度超过(    )时，应在人员通道部位设置防滑地坪或台阶,B
单选题,预制拼装管廊的砼构件运输及吊装时，混凝土强度应符合设计要求。 当设计无要求时，不应低于设计强度的（  ）,C
单选题,根据《A类基础设施业务管理手册》CSCEC83-IPC-2022相关规定，（ ）组织编制试验计划,B
单选题,根据《A类基础设施业务管理手册》CSCEC83-IPC-2022相关规定，（ ）审批试验计划,B
单选题,根据《A类基础设施业务管理手册》CSCEC83-IPC-2022相关规定，不合格试验由（ ）制定处置措施,B
单选题,根据《A类基础设施业务管理手册》CSCEC83-IPC-2022相关规定，C40以下水泥混凝土配合比由（）审批,B
单选题,根据《A类基础设施业务管理手册》CSCEC83-IPC-2022相关规定，C40及C40以上水泥混凝土配合比由（）审批,A
单选题,根据《A类基础设施业务管理手册》CSCEC83-IPC-2022相关规定，无机结合料、沥青混合料配合比由（）审批,A
单选题,根据《科技质量管理手册》CSCEC83-TQ-2022相关规定，施工现场抽取或制作的试件应有唯一性标识，同条件试件后缀为（）,B
单选题,根据《科技质量管理手册》CSCEC83-TQ-2022相关规定，计量设备的送外检定和自检，（）应按周期检定计划,C
单选题,水泥或石灰剂量测定中，从加入钙红指示剂、滴定过程、滴定达到终点时的溶液颜色的变化过程（）,B
单选题,当钢筋采用搭接单面焊时，其搭接长度不应小于（    ）d 为钢筋直径,B
单选题,采用回弹法检测混凝土强度时，对于一般构件，测区数不宜少于（）个,B
单选题,混凝土拌合物发生分层、离析，说明其（    ）,B
单选题,隧道施工监控量测的项目中，（    ）是作为选测项目,D
单选题,沥青路面渗水仪测试路面未清扫干净（     ）渗水系数测值,A
单选题,水泥进场质量检查应对水泥的强度、安定性及凝结时间进行检验。同一生产厂家、同一等级、同一品种、同一批号且连续进场的水泥，袋装水泥不超过200t应为一批，散装水泥不超过（     ）应为一批,D
单选题,CMA是（    ）的英文缩写,B
单选题,所有仪器设备（包括标准物质）都应有明显的(    )来表明其状态,D
单选题,普通硅酸盐水泥的代号为(    ),C
单选题,混凝土拌合物坍落度试验从开始装料到提坍落度筒的整个过程应连续进行，应在（   ）s内完成,C
单选题,当运至现场的混凝土发生离析现象时，应在浇筑前对混凝土进行二次搅拌，（    ）,A
单选题,高性能减水剂一般是指（  ）类减水剂,C
单选题,混凝土试件成型后，应在成型好的试模上覆盖湿布，并在室温20℃±5℃、相对湿度大于(    )的条件下静置1～2d，然后拆模,B
单选题,混凝土抗压强度标准试件的尺寸为(    ),C
单选题,普通热轧带肋钢筋牌号构成由HRB和(     )特征值构成,C
单选题,适用于各种土测试含水率的方法（    ）,A
单选题,测定路面抗滑性能是为了保证车辆在路面上行驶的（  ） 性能,B
单选题,压碎指标是表示下列中哪种材料强度的指标（  ）,B
单选题,石灰的硬化过程（  ）进行,B
单选题,体积安定性不良的水泥，（  ）使用,A
单选题,高强度大六角头螺栓连接副主要检测（  ）,D
单选题,以下哪项不属于建筑外门窗主要检测性能指标（  ）,C
单选题,高分子防水卷材的厚度用（ ）测量比较方便、精确,B
单选题,检测高分子防水卷材抗拉强度时试件的形状为（  ）,C
单选题,喷射混凝土的（  ）是表示基物理力学性能及耐久性的一个综合指标，工程上把它作为重要检测内容,C
单选题,用回弹仪检测混凝土强度，计算测区平均回弹值时，应从测区的16个回弹值中剔除最大值和最小值各（  ）个,C
单选题,在砼试验过程中应连续均匀地加荷，混凝土强度等级≥C30且<C60时，加荷速度取每秒钟 (     )MPa,A
单选题,预制梁混凝土拌和物入模前含气量应控制在 (     ),A
单选题,"水泥强度仲裁试验或其他重要试验应用（ ）,其他试验可用饮用水",C
单选题,我们以细集料的细度模数来划分砂的粗、中、细程度，已知砂的细度模数为2.2，请指出它应属于(     )砂,C
单选题,工程中的安全、卫生、环境保护和公众利益起决定作用的检验项目是(     ),C
单选题,抽样标准是指抽样检验采用（    ）,D
单选题,混凝土拌合物表观密度计算精确至（  ）kg/m3,A
单选题,土的最佳含水率与（   ）比较接近,C
单选题,高强度大六角头螺栓连接副主要检测（  ）,D
单选题,节能抹面砂浆主要检测（  ）,B
单选题,锚杆轴力量测常采用（  ）,C
单选题,根据JGJ/T 23-2011规定，数字式回弹仪数字显示的回弹值与指针直读式值相差大于1时，应对该回弹仪进行（  ）,A
单选题,《回弹法检测混凝土抗压强度技术规程》JGJ/T23-2011规定，当回弹仪弹击超过（ ）次时，应进行保养,A
单选题,环刀法可以测定（  ）土的密度,A
多选题,根据《A类基础设施业务管理手册》CSCEC83-IPC-2022相关规定，以下属于本手册主要应对风险的是（ ）,ABCD
多选题,根据《A类基础设施业务管理手册》CSCEC83-IPC-2022相关规定，以下属于A类基础设施项目的是（ ）,ABCE
多选题,根据《A类基础设施业务管理手册》CSCEC83-IPC-2022相关规定，属于1341设计策划的内容是（ ）,AE
多选题,根据《A类基础设施业务管理手册》CSCEC83-IPC-2022相关规定，2522 履约督导以（ ）项施工管理为切入点,ABCD
多选题,根据《A类基础设施业务管理手册》CSCEC83-IPC-2022相关规定，（ ）属于一级节点,ABC
多选题,根据《A类基础设施业务管理手册》CSCEC83-IPC-2022相关规定，（ ）涉及项目部管理职能,BDE
多选题,根据《A类基础设施业务管理手册》CSCEC83-IPC-2022相关规定，下面关于项目策划“回头看”描述正确的是（ ）,CDE
多选题,根据《A类基础设施业务管理手册》CSCEC83-IPC-2022相关规定，下面对于施工准备及开工管理描述错误的是（ ）,AC
多选题,根据《A类基础设施业务管理手册》CSCEC83-IPC-2022相关规定，下面（ ）属于道路工程的一级节点,ABDE
多选题,根据《A类基础设施业务管理手册》CSCEC83-IPC-2022相关规定，下面（ ）属于桥梁工程的一级节点,BCD
多选题,根据《A类基础设施业务管理手册》CSCEC83-IPC-2022相关规定，下面（ ）属于明挖法隧道工程的一级节点,BCDE
多选题,根据《A类基础设施业务管理手册》CSCEC83-IPC-2022相关规定，对于总进度计划描述正确的是（ ）,AE
多选题,根据《A类基础设施业务管理手册》CSCEC83-IPC-2022相关规定，对于年进度计划描述正确的是（ ）,ABCE
多选题,根据《A类基础设施业务管理手册》CSCEC83-IPC-2022相关规定，对于月进度计划描述正确的是（  ）,ABC
多选题,根据《A类基础设施业务管理手册》CSCEC83-IPC-2022相关规定，对于周进度计划描述正确的是（  ）,ABE
多选题,根据《A类基础设施业务管理手册》CSCEC83-IPC-2022相关规定，对于总计划调整描述正确的是（ ）,ACDE
多选题,根据《A类基础设施业务管理手册》CSCEC83-IPC-2022相关规定，对于年计划调整描述正确的是（ ）,ADE
多选题,根据《A类基础设施业务管理手册》CSCEC83-IPC-2022相关规定，对于月、周计划调整描述正确的是（ ）,BCDE
多选题,根据《A类基础设施业务管理手册》CSCEC83-IPC-2022相关规定，对工期预警分类描述正确的是（ ）,ABCE
多选题,根据《A类基础设施业务管理手册》CSCEC83-IPC-2022相关规定，对于项目经理月度报告的要求，描述正确的是（ ）,ABE
多选题,下列属于钻孔灌注桩断桩可能的原因有( ),ABCD
多选题,以下哪些属于半刚性材料( ),ABD
多选题,桥梁总体质量检验的实测项目有(  ),BD
多选题,进行水泥混凝土配合比设计时，最基本的“三大参数”是（    ）,ACE
多选题,大体积混凝土施工中，为防止混凝土开裂，可采取的做法有 （ ）,ACD
多选题,路基施工中压实度不能满足质量标准要求，甚至局部出现“弹簧”现象，主要原因有（      ）,ACDE
多选题,可能导致水泥稳定碎石基层产生裂缝的原因有（      ）,ABCE
多选题,路基网状裂缝的形成原因有哪些（   ）,ABCD
多选题,在施工缝处继续浇筑混凝土时，应先做到（      ）,ABCE
多选题,预应力砼箱腹板开裂的可能原因有（      ）,ABCD
多选题,应急预案类型有（  ）,ABC
多选题,当基坑出现下列情况之一时，应加强监测，提高监测频率（ ）,ABCD
多选题,相线L1（A）、L2（B）、L3 相序的绝缘颜色依次为(   )；N线的绝缘颜色为(   )色；PE线的绝缘颜色为(   ),BCE
多选题,分配电箱应装设(    )、(   )以及总断路器、(   )或总熔断器、分路熔断器,BDE
多选题,为了确保安全生产，施工现场必须严格制止三违现像的发生，“三违”是指（  ）,ABE
多选题,专项方案论证会由施工单位组织召开，除5名以上专家参加以外，（ ）应派相关负责人参加,ABDE
多选题,根据《中建八局安全生产风险红黄牌警示管理办法》，下列哪些属于红牌警示事项（  ）,ABD
多选题,根据《中建八局安全生产风险红黄牌警示管理办法》，下列哪些属于黄牌警示事项（  ）,ABC
多选题,下列施工放样方法中，属于点位放样的有（      ）,ABD
多选题,热拌摊铺沥青混合料的施工温度包括（    ）,ACD
多选题,喷射混凝土的施工工艺有（    ）,ABC
多选题,影响灌砂法测定压实度结果的因素有 (     ),BD
多选题,在EDTA滴定试验中，使用到的化学试剂包括（    ）,AD
多选题,粗集料中针片状颗粒带来的问题是（     ）,ABD
多选题,桥梁伸缩装置成品需进行（     ）检测,BDE
多选题,喷射混凝土抗压试块制作方法有（    ）,BC
多选题,隧道混凝土衬砌质量检测包括（    ）,BCD
多选题,地基荷载板试验P-S曲线包括（     ）阶段,ABC
多选题,沥青混合料沥青含量试验方法有 (      ),AC
多选题,目前混凝土无破损检测方法有（     ）,BCD
多选题,隧道注浆材料应满足以下（     ）要求,ACD
多选题,热轧钢筋试验项目包括（  ）,ABD
多选题,土工布物理特性检测项目有（ ）,AB
多选题,钢绞线力学性能检测指标包括（ ）,BCE
多选题,钢结构构件焊接质量检验分为（ ）三个阶段,ABD
多选题,适用于检测隧道衬砌混凝土强度的声波探测法有（ ）,BC
多选题,混凝土初步配合比设计计算中，选择砂率由（   ）确定,AD
多选题,混凝土出现离析、扒底、含气量大等问题时，我们主要宜从哪些方面分析原因？（ ）,ABC
多选题,软化点试验过程中，对试验结果产生影响的因素包括（   ）,ABCD
多选题,监理工程师应该按照工程监理规范的要求，采取（    ）等形式对建设工程实施监理,ABD
多选题,试验室资质认定评审准则规定，试验室应该依法设立或注册、能够承担相应的法律责任，保证（  ）从事检测或校准活动,ABC
多选题,用碳化深度测定仪测定测量碳化深度值时，下列读数可能正确的是：（  ）,BC
多选题,泥浆性能检测指标包括(    ),ABCD
多选题,混凝土强度试验所需设备包括（  ）,ABCDE
多选题,采用JGJ/T 23-2011回弹法检测混凝土抗压强度，下列混凝土缺陷可能对回弹值产生影响的有：（  ）,ABCD
多选题,采用JGJ/T 23-2011回弹法检测混凝土抗压强度，当回弹仪为非水平方向且测试面为混凝土的非浇筑侧面时，应对回弹值进行下列哪些修正：（ ）,AC
多选题,用于回弹法批量检测的构件，混凝土应满足（ ）的一批同类构件，并随机抽取,ABC
多选题,回弹仪应具有（  ），并应在回弹仪的明显位置上标注名称、型号、制造厂名(或商标)、出厂编号等,AB
多选题,采用超声透射波法检测混凝土灌注桩桩身完整性时，其测试系统一般由(    )等组成,ACD
判断题,平面控制网可按精度划分为等与级两种规格，由高向低依 次宜为二、三、四等和一、二、三级。（  ）,A
判断题,预应力筋张拉锚固后，孔道应尽早压浆，且应在72h内完成，否则应采取避免预应力筋锈蚀的措施。（  ）,B
判断题,钢筋的连接宜采用焊接接头或绑扎接头。（  ）,B
判断题,轴心受拉和小偏心受拉构件不应采用绑扎接头。（  ）,A
判断题,后张预应力混凝土结构或构件的所有管道均应在每个顶点设排气孔及需要时在每个低点设排水孔。（  ）,A
判断题,大体积混凝土工程的施工宜采用分层连续浇筑施工或推移式连续浇筑施工。（  ）,A
判断题,混凝土运至浇筑地点后发生离析、坍落度不符合要求时，经试验人员现场同意后，可加水进行第二次搅拌。（  ）,B
判断题,用回弹法检测混凝土强度，计算测区平均值时应从测区的16个回弹值中剔除1个最大值和1个最小值。（  ）,B
判断题,路基冬期施工，开挖至路床顶面以上0.5m时，停止开挖，待冬期过后再施工。（ ）,B
判断题,桥台等结构物台背回填，靠近结构物的地方采用大型机械碾压，增加压实度（ ）,B
判断题,当千斤顶使用时间超过6个月或张拉超过300次时，应重新进行标定（  ）,A
判断题,"沥路面施工时,若混合料的加热温度过高或过低时,易造成沥青路面的泛油。（  ）",B
判断题,用灌砂法测定路基压实度，当试洞成上部大、下部小圆锥形时，会使实测密度偏小。（  ）,A
判断题,两种集料的细度模数相同，它们的级配一定相同。（  ）,B
判断题,"连续梁竖向预应力筋应采用两次张拉方式,且滞后纵向预应力筋张拉不宜大于3个悬浇梁段。(   )",A
判断题,混凝土拌合物工作性能检查每100m³不应少于1次。相邻两条变形缝区间的管廊结构，每次浇筑时留置的标准养护强度试件不得少于1组。（   ）,A
判断题,建筑工程质量的适用性即功能，是指工程满足使用目的的各种性能。 （  ）,A
判断题,分部（子分部）工程应由施工单位项目技术.质量负责人进行验收。（  ）,B
判断题,交接检验是指由施工方与监理方经双方检查并对可否继续施工做出确认的活动。（  ）,B
判断题,根据《建设工程施工现场消防安全技术规范》，施工现场周边道路满足消防车通行及灭火救援要求时，施工现场内可不设置临时消防车道。（  ）,A
判断题,根据《建设工程施工现场消防安全技术规范》，办公用房与宿舍间的防火间距不小于4米。（  ）,A
判断题,"建设工程质量检测是工程质量检测机构接受委托,依据国家有关法律、法规和工程建设强制性标准,对涉及结构安全项目的抽样检测和对进入施工现场的建筑材料.构配件的见证取样检测。（  ）",A
判断题,"建筑工程质量事故常有发生,因此,必须采取有效的措施,对常见的质量问题和事故先加以预防,并对已经出现的质量事故及时进行分析和处理。（  ）",A
判断题,"单位（子单位）工程质量竣工验收记录表由建设单位填写,验收结论由施工单位填写。（  ）",B
判断题,对危险性较大的模板工程及高大模板支撑体系专项施工方案应按照相关规定组织专家论证。（  ）,A
判断题,"当钢结构工程质量经有资质的检测单位检测鉴定达不到设计要求但经原设计单位核定认可能够满足结构安全和施工功能的检验批,可予以验收。（  ）",A
判断题,"永久性普通螺栓应牢固、可靠,外露丝扣不应少于2扣。（  ）",A
判断题,"施工单位对其首次采用的钢材、焊接材料、焊接方法、焊后热处理等,应进行焊接工艺评定,并应根据评定报告确定焊接工艺。（  ）",A
判断题,施工便道设置为单车道时，宽度宜不小于4.5m ，并设置错车道。间距不大于300m。错车道宽度不宜小于6.5m ，有效长度不宜小于20m 。（  ）,A
判断题,水泥混凝土上加铺沥青面层的复合式路面，水泥混凝土路面结构可不检查抗滑构造深度（  ）,A
判断题,钢梁制作时同一部位的焊缝返修不得超过三次，返修后的焊缝应按原质量标准进行复验，并且合格（  ）,B
判断题,顶进涵施工时，顶推力轴线应与桥涵中心线一致（  ）,A
判断题,植物成活率、覆盖率、植被盖度的检验至少在满二个年生长周期后进行（  ）,B
判断题,路基弯沉值代表值小于设计弯沉值时，相应分项工程为不合格（）,B
判断题,当混凝土原材料和施工工艺等发生变化时，必须重新选定配合比。(),A
判断题,混凝土运输.浇筑及间歇的全部时间可以超过混凝土的初凝时间。(  ),B
判断题,砂浆用水泥宜选用通用硅酸盐水泥。(  ),A
判断题,换填地基所用材料必须符合下列规定：换填用砂应为中、粗砂，有机质和含泥量均不得大于5％。（  ）,A
判断题,涵管顶进施工中，混凝土达到设计强度90%方可顶进。（  ）,B
判断题,在冬、雨期施工时，不需更换混凝土配合比（  ）,B
判断题,半刚性基层的四个实测项目中，关键项目是压实度（  ）,A
判断题,"管道压浆前,事先对采用的压浆料进行试配。水泥、高效减水剂、微膨胀剂、矿物掺合料、水等各种材料的称量准确到±2% 。（   ）",B
判断题,各类砂浆均宜采用机械拌和，拌和时间宜为3～5min。（   ）,A
判断题,压入管道的浆液采用搅拌速度不低于1000r/min的高速搅拌设备进行搅拌，浆叶最高速线速度限制在15m/s以内，保证浆液各项指标满足设计和压浆工艺要求，保证管道饱满密实。（   ）,A
判断题,两焊接接头在钢筋直径的35倍且小于500mm范围内均视为“同一截面”。(   ),A
判断题,水泥混凝土流动性大说明其和易性好,B
判断题,"在土质一定的条件下,含水率是影响击实效果的唯一因素",B
判断题,混凝土碳化主要危害是导致钢筋锈蚀,A
判断题,土的含水率是指土中水的质量与土体试样质量之比,B
判断题,细骨料泥块量时试样都需泡水24小时,A
判断题,试验机开机前的指针即使在零点时，不须进行调整，即可试验,B
判断题,5.4m长弯沉仪前后臂分别为3.6m和1.8m,A
判断题,对于大坍落度要求检测的扩展度，是指混凝土坍落后形成的最大直径尺寸和与之垂直方向测得的直径之和的平均值,B
判断题,水泥胶砂用标准砂必须满足规定的细度模数要求,B
判断题,水泥胶砂试件成型时向搅拌机中加料的顺序为水泥、水、砂,B
判断题,水灰比越大，普通混凝土的强度越大,B
判断题,原材料经监理平行试验定为不合格品，施工单位可申诉，但不能申请进行第三方试验,B
判断题,混凝土中掺入粉煤灰可以节约水泥，但不能改善混凝土的其他性能,B
判断题,试砼件抗压都是以三个抗压值的算术值作为其强度值,B
判断题,做安定性试验时、试饼法可做为有争议时判定试验,B
判断题,两种砂子的细度模数相同，它们的级配不一定相同,A
判断题,在结构尺寸及施工条件允许下，应尽可能选择较大粒径的粗骨料，这样可以节约水泥,A
判断题,土工织物是柔性材料，主要通过抗拉能力来受荷载以发挥其工程作用,A
判断题,水泥比表面积测定的环境条件是：湿度不大于50%,A
判断题,混凝土中的水泥用量越大，其质量就越好,B
判断题,水泥混凝土流动性大说明其和易性好,B
判断题,流动性大的混凝土比流动性小的混凝土的强度低,B
判断题,钢筋牌号HRB400中400指钢筋的极限强度,B
判断题,混凝土立方体抗压强度试验的标准养护条件为：温度20℃±2℃，相对湿度90%以上,B
判断题,钻芯法芯样经加工后，高度应为0.90～1.10d(d为芯样平均直径),B
判断题,钻芯法可用于任何强度等级的混凝土强度的检测,B
判断题,细骨料和粗骨料取样的代表数量都按不超过400m³或600t为一个批次进行抽检,A
判断题,水泥检测都要求有3天和28天的抗压、抗折强度,A
判断题,减水率是指掺用外加剂混凝土的用水量与不掺外加剂混凝土的用水量的比值,B
单选题,路面渗水系数宜在（）测定。,A
单选题,填补旧沥青路面，凹坑应按高程控制、分层铺筑，每层最大厚度不宜超过（）。,D
单选题,城镇道路工程在面层混凝土板在达到设计强度的     以后，方可允许行人通行。（ ）,A
单选题,正常情况下，混凝土的水灰比越大，其强度  （  ）,B
单选题,厚大体积混凝土工程适宜选用（  ）,B
单选题,对于路基基层碾压要掌握（）的原则。,B
单选题,水泥混凝土路面是以（）为控制指标。,B
单选题,正常施工情况下引起桥头跳车的直接原因是（）。,A
单选题,砂垫层横坡施工允许偏差（） 。,A
单选题,基床以下路堤填筑应按“三阶段、  （）区段、八流程”的施工工艺组织施工。,B
单选题,基床底层填筑采用砂类土和改良细粒土填筑时，分层的最大压实厚度不应大于（  ）cm。,A
单选题,既能改善混凝土拌合物流变性能，又能改善混凝土耐久性的外加剂是（  ）。,A
单选题,路基试验段位置应选择在地质条件、断面形式均具有代表性的地段，长度不宜小于（  ） m。,A
单选题,低温施工路堤填筑应按横断面全宽分层填筑，铺土厚度应减薄（）,D
单选题,如果出现承包人与业主签定的合同文件的技术要求比现行施工规范要求的精度高，应按（  ）执行。,A
单选题,为保证管道中充满灰浆，在关闭出浆口后，应保持小于0.5Mpa的稳压期，该稳压期不宜小于（  ）,D
单选题,使用不同填料填筑时，各种填料不得混杂填筑，每水平层的全宽应采用同（  ）填料。,A
单选题,当需要进行钢筋代换时，应办理（  ）变更文件,C
单选题,混凝土浇筑前施工单位应填报浇筑申请单，并经（  ）单位签认。,B
单选题,混凝土输送泵管垂直向上输送混凝土时，地面水平输送泵管的直管和弯管总的折算长度不宜小于垂直输送高度的20%，且不宜小于（）m。,C
单选题,渗水土填在非渗水土上时，（  ）上层面应设向两侧4%的横向排水坡。,B
单选题,基床底层填筑采用砂类土和改良细粒土填筑时，分层的最大压实厚度不应大于（  ）cm。,A
单选题,路堑的      开挖适用于平缓横坡上的一般路堑，用挖装、车运机具施工；较深路堑宜分层开挖。（   ）,B
单选题,（  ）路段可以不需要进行试验路段施工。,D
单选题,根据《混凝土结构工程施工质量验收规范》（GB50204）规定。检验批中的一般项目，其质量经抽样检验应合格;当采用计数检验时，除有专门要求外，合格点率应达到（  ）以及上，且不得有严重缺陷。,C
单选题,下列各项中（   ）不是基础隐蔽工程验收的主要内容。,C
单选题,实测检查法的手段，可归纳为（    ）四个字。,B
单选题,（   ）负责将工程设计图纸报送建设行政主管部门委托的有关审查机构进行审查。,A
单选题,满足使用目的的各种性能是指工程的（  ）。,C
单选题,"土工合成材料地基土工合成材料的强度（与设计标准值比较）允许值是（  ）,土工合成材料延伸率（  ） 。",B
单选题,热拌沥青混合料初压时，碾压应（  ）碾压，碾速稳定均匀。,A
单选题,（  ）是指按同一生产条件或按规定的方式汇总起来供检验用的，由一定数量样本组成 的检验体。,B
单选题,一般项目在验收时，绝大多数抽查的处（件）都必须达到要求，其余（   ）虽可以超过一定的指标，也是有限的，通常不能超过规定值的150%。,B
单选题,（  ）是划分沥青标号的主要指标。,A
单选题,地基基础分项工程检验批验收时，一般项目应有（    ）合格。,D
单选题,施工平面图中标注的尺寸只有数量没有单位，按国家标准规定单位应该是（   ）。,A
单选题,路堑开挖应从上而下进行，（   ）掏底开挖。,D
单选题,收到图纸后（    ）天内按用途发给项目各有关专业人员和施工班组。,B
单选题,图纸学习，依据工程规模大小图纸发放后（    ）个月内，由总工程师和或项目总工组织项目管理人员学习、了解建设规模、设计意图及质量和技术标准，明确工艺流程等。,A
单选题,图纸会审记录及整理，会审（    ）天内会审记录清晰并经设计单位、发包人、监理和施工单位技术部门各方签字盖章。,C
单选题,施工单位应当将下列（     ）资料纳入危大方案档案管理。,D
单选题,隧道与相邻路基断面的宽度和高程差应在（）范围内调整。,B
单选题,选择施工方法应根据（  ）。,C
单选题,喷射混凝土的      强度不应小于10 MPa。（  ）,C
单选题,当洞口可能出现偏压时，应采取措施（  ）。,C
单选题,喷射作业应（  ）连续进行。,B
单选题,沿隧道设计断面轮廓线布置的周边眼间距误差不得大于（  ）。,A
单选题,喷射混凝土材料计量，一般应以质量计算，其允许误差为：砂与石料各为（  ）。,A
单选题,二次衬砌的施作时间为（  ）。,D
单选题,衬砌混凝土浇筑，台车前后混凝土高差不能超过      ， 左右混凝土高差不能超过（  ）,B
单选题,隧道围岩完整石质坚硬岩石个别突出部位最大欠挖值不大于      ，且每1㎡不大于（  ）,D
单选题,隧道施工控制测量的精度，应以（  ）衡量。,B
单选题,对明洞衬砌施工，下列论述正确的是（  ）。,A
单选题,二次衬砌一般在围岩变形量趋于稳定后施作，需满足水平收敛（拱脚附近7d平均值）小于（ ）mm/拱部下沉速度小于（ ） mm/d（）。,C
单选题,系统锚杆安装时应设置垫板，垫板应与（  ）密贴。,C
单选题,隧道超前地质预报按预报距离可分为长距离预报、中长距离预报和短距离预报，其预报距离分别为（  ）。,D
单选题,衬砌边墙混凝土每小时浇筑高度宜为（  ）。,B
单选题,变形缝嵌填时，缝内应清洁、干燥，嵌填 （  ）。,B
单选题,岩溶隧道衬砌施工前，应检查隧道初期支护密实度，探查周边、隧底      范围内是否存在溶腔（  ）,A
单选题,隧道贯通后，施工中线及高程的实际贯通误差，应在未衬砌的地段调整（  ）,C
单选题,隧道施工是指修建（  ）。,A
单选题,控制测量的精度应以中误差衡量，最大误差(极限误差)规定为中误差的（  ）。,A
单选题,隧道明洞施工当具备相应的机具条件时可采用（  ）。,B
单选题,加强对地表下沉、拱部下沉的量测及反馈，以指导施工，量测频率宜为深埋段的（  ）,B
单选题,插入式振捣棒每次插点移动距离应不大于振捣棒作用半径的      。（  ）,A
单选题,防水板搭接宽度不应小于（  ）,C
单选题,仰拱及填充混凝土脱模后应养护不少于    ，宜采用覆盖保湿养护。（  ）,B
单选题,仰拱施工应当结合拱墙施工抓紧进行（  ）,A
单选题,二次衬砌混凝土其强度达到2.5MPa时 （  ）,A
单选题,长隧道设置的精密三角网或精密导线网，应定期对其      进行校核。（  ）,C
单选题,洞口开挖土石方进洞前应尽早完成（  ）,D
单选题,明洞衬砌施工在灌注混凝土前应复测（  ），衬砌不得侵入设计轮廓线。,C
单选题,防水板搭接缝应与施工缝错开（  ）,B
单选题,溜槽出料口距混凝土浇筑面的高度不应超过（  ）,B
单选题,爆破开挖一次进尺应根据围岩条件确定，开挖软弱围岩时应控制在（  ）,B
单选题,锚杆安装作业应在 （  ）及时进行,B
单选题,喷射混凝土、砂浆所用水泥标号不得低于（  ）号,B
单选题,施工缝距预留孔洞边缘不应小于（  ）mm,D
单选题,关于隧道施工通风、防尘、防有害气体，下列叙述错误的是（  ）,D
单选题,隧道工程超挖处处理方法是（  ）,C
单选题,小导管注浆顺序为（  ）、浆液先稀后浓。,B
单选题,以下关于注浆堵水说法错误的是 （  ）,D
单选题,锚喷支护实测项目不包括（  ）,D
单选题,下列不属于隧道一般采用的开挖方法是 （  ）,D
单选题,止水条的搭接长度不应小于（  ）mm,D
单选题,中埋式止水带位置距离衬砌内表面不应小于      mm，径向位置允许偏差      mm，埋深允许偏差为± （  ）mm,D
单选题,用固定点铺设的防水板，固定点间距拱部宜为（  ）m，边墙宜为（） m,A
单选题,防水混凝土结构表面的裂缝宽度不应大于（  ）mm，并不得贯通,A
单选题,隧道监控量测时，围岩变形测点应安设在距开挖面不大于（  ） m的范围内,B
单选题,以下混凝土性能中不属于混凝土耐久性的是（  ）,D
单选题,"钢筋焊接接头在受弯构件的受拉区不应大于（  ）,轴心受拉构件不应大于（  ）",C
单选题,"钢筋机械连接接头的受弯构件不应大于（  ） ,轴心受拉构件不应大于（  ）",C
单选题,全断面开挖进行爆破和分部开挖采用预留光面层的周边眼起爆，不应采用（  ）起爆,B
单选题,隧道综合接地系统中，（  ）不能作为综合接地体,B
单选题,二次衬砌混凝土与防水层之间应 （  ），高寒区隧道衬砌结构与围岩间不得有空洞,C
单选题,隧道内洞室铺设塑料防水板时，铺设顺序是（  ）,A
单选题,隧道洞内爆破作业，爆破后，必须经过通风排烟（  ）， 以后检查人员方可进入工作面检查。（  ）,B
单选题,管棚钢管接头应采用丝扣连接，同一断面内的钢管接头数不大于钢管总数量的（  ）,B
单选题,隧道二衬施工距掌子面距离为：Ⅰ、Ⅱ级围岩不超过（  ） m，Ⅲ级围岩不超过（  ） m，Ⅳ级以上围岩不超过（  ） m或根据设计要求,A
单选题,喷射混凝土终凝后（  ）h内不得进行爆破作业,C
单选题,二次衬砌混凝土结构表面的非受力裂缝最大宽度不得大于（  ）。,A
单选题,仰拱（含填充）或底板混凝土强度达到      后行人方可通行，达到设计强度的      ，且不破坏混凝土时，车辆方可直接通行。（  ）,B
单选题,隧道监控量测时，当位移-时间曲线出现反弯点时，则表明围岩。（  ）,C
单选题,隧道通风管的安装应做到平顺、接头严密，且弯管半径不小于风管直径的      倍。（  ）,C
单选题,在炸药库区周围应设密实围墙，围墙到最近库房墙脚的距离不得小于      ，围墙高度不得低于      ；库区值班室应布置在围墙外侧距围墙不小于      的地方。（  ）,B
单选题,施工过程中应对职工加强      ，在推广新技术和使用新型机械设备时，应对职工进行再培训和安全教育。（  ）,B
单选题,隧道工程施工防水应以      自防水为主体，应以施工缝、变形缝防水为重点，并应重视      的防水，辅以注浆防水和防水层加强防水，满足结构使用功能。（  ）,B
单选题,缓冲层(土工布)接缝搭接宽度不得小于      mm，缓冲层应平顺、密贴，无皱褶。（  ）,B
单选题,明洞拱部回填应两侧对称分层夯实，每层厚度不大于      ，两侧回填土面的高差不得大于      。（  ）,A
单选题,以下不是超前地质预测、预报目前常用的方法是      。（  ）,D
单选题,（）是最直观、可靠的超前预报手段，通过分析可以判断地层变化、岩性差异、地层含水量等信息。,C
单选题,隧道的开挖应采取一切措施保护围岩的自承能力，主要采取光面爆破、预裂爆破或非爆破的机械辅助开挖方法，那么拱部宜采用。（  ）,A
单选题,冬季施工混凝土强度未达到（）前，不得受冻。,B
单选题,隧道喷射混凝土在气温低于（）时不得喷水养护,C
单选题,地表加固正在注浆的区域，其附近（）以内不得进行爆破。,B
单选题,隧道综合接地系统中，在通信信号槽底部每隔      两侧各设置1个接地端子，在通信信号槽侧壁每隔      两侧各设置1个接地端子。（）,C
单选题,喷射混凝土养护时间在      。（  ）,C
单选题,铺设卷材防水层时，搭接宽度      ，上下两层接缝应相互错开1/3幅度。（  ）,B
单选题,衬砌混凝土应左右对称分层连续浇筑，分层松铺厚度不宜大于cm。（  ）,C
单选题,根据验收标准的要求，光面爆破或预裂爆破的炮眼痕迹保存率，硬岩和中硬岩的要求为（），并在开挖轮廓面上均匀分布。,B
单选题,钢筋检验以同牌号、同炉号、同规格、同交货每 （）吨为一个检验批,C
单选题,钢筋网搭接长度应为 （）个网格，应与锚杆或其他固定装置连接牢固,A
单选题,支护采用双层钢筋网时，第二层钢筋网应在第一层钢筋网被砼覆盖后铺设，其覆盖厚度不应小于（）cm,A
单选题,隧道掘进长度超过（） m时，必须采用机械通风,C
单选题,对隧道净空的检查要求是  （  ）,B
单选题,夏季高温时浇筑混凝土应加快浇筑速度，混凝土入模温度不宜高于（） ℃。,B
单选题,隧道平面控制测量，每个洞口应测设不少于（）个平面控制点。,B
单选题,周边眼与辅助眼的眼底应在同一垂直面上，掏槽眼应加深（）cm,B
单选题,隧道施工通风应能提供洞内各项作业所需的最小风量，每人应供应新鲜空气      m3/min。（  ）,B
单选题,当采用环形开挖预留核心土法施工时，核心土面积不应小于整个断面的      。（  ）,C
单选题,隧道高程控制测量，每个洞口应测设不少于      个高程控制点。（）,A
单选题,先张法预应力混凝土梁的预应力是通过      来传递并保持的。（  ）,C
单选题,路面水泥混凝土与结构混凝土相比，在配合比设计过程中还应对混凝土的      提出要求。（  ）,D
单选题,混凝土施工过程中，为防止混凝土离析其自由倾落高度不宜超过。（  ）,C
单选题,钻孔灌注桩水下砼灌注时，灌注时间不得      首批砼的初凝时间。（  ）,C
单选题,桥梁设计和施工中，要进行强度、刚度和稳定性验算，这刚度是指。（  ）,C
单选题,混凝土裂缝深度常用的无损检测方法是      。（  ）,D
单选题,当桩身浅部存在缺陷时，可采用      方法进行验证 。（  ）,A
单选题,下列属于土方路基关键实测项目的是      。（  ）,A
单选题,以下      属于桥梁工程的分项工程。（  ）,D
单选题,大体积混凝土常用外加剂是      。（  ）,B
单选题,水泥混凝土立方体试块标准尺寸是      。（  ）,B
单选题,导线的角度闭合差的调整方法是将闭合差反符号后      。（  ）,B
单选题,原地面坡度陡于1:5时，应自下而上挖台阶，并整平碾压，沿线路横向挖台阶的宽度、高度应符合设计要求，沿线路纵向挖台阶的宽度不应小于      。（  ）,C
单选题,堆载预压填筑过程中应同步进行地基沉降与土的      观测。（  ）,A
单选题,粉体喷射搅拌桩成桩长度及复搅长度应满足设计要求。喷粉中断时，第二次喷粉接桩的喷粉重叠长度不得小于      。（  ）,B
单选题,浆体喷射搅拌桩成桩过程中，如因故停浆，继续施工时必须重叠接桩，接桩长度不得小于      若停机超过3h，应拆卸输浆管路，清洗干净，在原桩位旁边补桩。（  ）,A
单选题,CFG桩顶端浮浆应清除干净，直至露出新鲜混凝土面。清除浮浆后桩的有效长度应满足      。（  ）,C
单选题,打入桩的混凝土应达到吊运要求强度，且不得低于设计强度的后，方可吊运，达到设计强度方可使用。（  ）,C
单选题,当路基各段不同步填筑时，纵向接头处应在已填筑压实基础上挖出硬质台阶，台阶宽度不宜小于      ，高度同填筑压实层厚。（  ）,C
单选题,基床以下路堤填筑中，每一水平层的全宽应用同一种填料填筑，每种填料压实累计总厚不宜小于      。（  ）,B
单选题,基床以下路堤填筑中，采用碎石类土和粗砾土填料的最大粒径不宜大于      。（  ）,B
单选题,碾压时，纵向行与行之间的轮迹重叠不小于      。（  ）,C
单选题,改良土填料应分层填筑压实，每层填筑压实厚度不宜超过（  ）,B
单选题,路堤边坡宜采用加宽超填或专用边坡压实机械施工，当采用加宽超填方法时，超填宽度不宜小于（ ）,C
单选题,加筋土填筑过程中      直接在土工合成材料上行走作业。(  ),A
单选题,基床以下路堤每一填筑层全宽      填筑。（ ）,A
单选题,路堤填筑过程中昼夜平均气温在0℃以下，且连续      天，应按低温施工办理。（  ）,C
单选题,"混凝土自然养护时,混凝土强度达到      MPa以前，不得在其上踩跳或安装模板支架。（  ）",A
单选题,"大体积混凝土应提前养护,且养护时间不应少于      天。（  ）",B
单选题,当运至现场的混凝土发生离析现象时，应在浇筑前对混凝土进行二次搅拌，但      。（  ）,A
单选题,预应力砼梁施工技术要求高，下列说法正确的是      。（  ）,C
单选题,关于公路工程质量评分方法的说法，错误的是      。（  ）,D
单选题,挖石方路基检查的一般项目有纵断高程、中线偏位、宽度和      。（  ）,D
单选题,分部工程应由      组织施工单位项目负责人和技术质量负责人等进行验收。（  ）,B
单选题,挖方路基中路床顶面以下0-30cm深度内城市快速路、主干路，次干路，支路及其它小路压实度分别为      。（  ）,A
单选题,涵洞位于路基范围内时，其顶部以上      cm范围内不得用压路机压实。（  ）,C
单选题,土方路基路床质量检验中，主控项目包括：      。（  ）,C
单选题,在路基宽度内，每层虚铺厚度应视压实机具的功能确定，人工夯实虚铺厚度应      。（  ）,C
单选题,热拌沥青混合料初压时，碾压应      碾压，碾速稳定均匀。（  ）,B
单选题,适用任何场合和层次、各个等级的路面用沥青是      。（  ）,C
单选题,填石路堤施工时石料规格不一、性质不匀或就地爆破堆积，乱石中空隙很大，最有可能造成      。（  ）,C
单选题,换填法可采用的垫层材料不可以是      。（  ）,B
单选题,液限大于      的土，不得直接作为路堤填料。（  ）,B
单选题,塑性指数大于      的土，不得直接作为路堤填料。（  ）,C
单选题,下列情况中应洒布透层沥青的是      。（  ）,A
单选题,路堤填料粒径应不大于      ，并宜不超过层厚的2/3。（  ）,D
单选题,路堤填筑期间，作业面应设      的排水横坡表面不得积水。边坡应采取临时排水措施。（  ）,B
单选题,沥青混合料拌和时间根据具体情况经试拌确定，以沥青均匀裹覆集料为度，间歇式拌和机每盘的生产周期不宜少于      。（  ）,B
单选题,当沥青混凝土路面的磨耗层损坏较小，出现轻度车辙、龟裂等病害时，其最适合采用      修复。（  ）,B
单选题,沥青混凝土的压实层最大厚度不宜大于      。（  ）,C
单选题,以下关于柔性路面和刚性路面的说法错误的是      。（   ）,B
单选题,透层泊的粘度通过调节稀释剂的用量或乳化沥青的浓度得到适宜的粘度，基质沥青的针入度通常宜不小于      。（  ）,A
单选题,雨期填筑路堤需借土时，取土坑距离填方坡脚不宜小于      m。（）,D
单选题,路面工程中，粒料基层完工后应及时洒布透层油并铺筑封层，透层油透入深度应不小于      mm，无机结合料稳定材料基层透层油透入深度宜不小于3mm。（  ）,C
单选题,稳定粒料基层和底基层表面连续离析不得超过      m。（  ）,A
单选题,关于路基网状裂缝原因的说法，错误的是      。（  ）,D
单选题,关于沥青混凝土路面施工时选用沥青的说法，不正确的是      。（）,D
单选题,现浇混凝土应在浇筑完毕后的     h内加以覆盖并浇水。（  ）,C
单选题,对于路基基层碾压要遵循      。（  ）,B
单选题,为保证沥青路面接缝的质量，下列说法错误的是      。（  ）,B
单选题,影响混凝土强度的决定性因素是      。（  ）,C
单选题,桥涵台背后结构物回填时，应选用      回填材料。（  ）,A
单选题,路堑开挖应自上而下纵向、水平分层开挖，纵向坡度不得小于，严禁掏底开挖。（  ）,D
单选题,灌注水下混凝土过程中，若出现堵管现象，应采用      的处理方法。（  ）,B
单选题,预应力管道压浆时，在      温度下时，应采取防冻或保温措施。（）,C
单选题,软土地基的工程特性是      。（  ）,B
单选题,下列路基工程可安排冬期施工的是      。（  ）,A
单选题,钻孔灌注桩的护筒顶宜高于地面      。（  ）,B
单选题,自高处向模板内直接倾卸混凝土，其自由倾落高度不宜超过      。（  ）,C
单选题,采用插入式振动器振捣混凝土时，与侧模应保持      的距离，且插入下层混凝土中的深度宜为50-100mm。（  ）,A
单选题,冬季施工时，混凝土拌合物的入模温度不低于      。（  ）,A
单选题,为确保桩顶混凝土质量，灌注的桩顶高程高出不小于      。（  ）,A
单选题,挖孔桩护圈应高出地面不小于      ，并设置临时排水沟，防止地表水流入孔内。（  ）,C
单选题,涵洞施工完成后，砌体砂浆或混凝土强度达到设计强度的      时，方可进行涵洞洞身两侧的回填。,C
单选题,采用插入式振动器浇筑混凝土时，分层浇筑的厚度不宜超过（  ）mm,C
单选题,桥梁桩基桩头凿除应采用      凿除。（  ）,A
单选题,大体积混凝土的振捣棒振捣，要做到      。（  ）,B
单选题,土工膜袋护坡的侧翼宜设( )。,B
单选题,无机结合料稳定土的无侧限抗压强度试验的试件为( )。,B
单选题,泵送混凝土中不适合采用的外掺剂或掺合料是( )。,B
单选题,钻孔灌注桩施工中埋设护筒，不属于护筒作用的是( )。,D
单选题,钢材焊接拉伸试验，一组试件有2根发生脆断，应再取      根进行复验。（  ）,C
单选题,预应力混凝土配筋用钢绞线是由      根圆形截面钢丝绞捻而成的。（  ）,C
单选题,关于击实试验法测定最佳含水量的说法，错误的是( )。,B
单选题,高强度混凝土每立方米水泥掺和量应( )。,A
单选题,二次衬砌中的“刹尖”指的是      。（  ）,C
单选题,关于圆管涵施工要求的说法，正确的是( )。,B
单选题,关于钢筋加工场的说法，错误的是( )。,B
单选题,下列后张法预应力筋质量检验的实验项目中，属于关键项目的是( )。,C
单选题,中砂的细度模数MX为      。（  ）,B
单选题,填石路基采用强力夯实施工时，填补夯坑的填料应选用( )。,D
单选题,关于填隙碎石施工的说法，错误的是( )。,C
单选题,无机结合料稳定材料组成设计流程正确的是( )。,D
单选题,关于桥梁桩基础使用冲击钻成孔的说法，正确的是( )。,C
单选题,下列隧道现场监控量测项目中，属于必测项目的是( )。,C
单选题,下列水泥稳定粒料基层质量检验的实测项目中，属于关键项目的是()。,B
单选题,钢筋混凝土结构构造裂缝形成原因不包括( )。,D
单选题,关于加筋土挡土墙施工要求的说法，错误的是( )。,C
单选题,无机结合料稳定土基层摊铺完成后，紧跟摊铺机及时碾压的设备宜选用( )。,D
单选题,沥青层用粗集料包括碎石、破碎砾石、筛选砾石、钢渣、矿渣等，但高速公路和一级公路不得使用      。（  ）,C
单选题,关于隧道水害防治措施的说法，错误的是( )。,D
单选题,挖孔桩孔内有岩层需要爆破时，应采用      爆破。(   ),C
单选题,三级公路修筑沥青混凝土时，其路基压实度应采用     标准。（  ）,B
单选题,软土地区路堤填筑时，在软土层顶面铺砂垫层的主要作用是( )。,A
单选题,沥青路面透层施工中，透层油洒布后待充分渗透，一般不少于( )h后才能摊铺上层。,B
单选题,桥梁浅挖基坑施工中，当土质较差且有较严重流沙现象时，宜采用() 排水。,A
单选题,预应力混凝土施工，强度达到设计强度的（）时，可放张或张拉。,B
单选题,后张法施工，预应力张拉完毕后（）h内进行孔道压浆，否则应采取防锈措施。,D
单选题,大体积混凝土温度控制时，内部最高温度不超过（），内外温差不大于（）。,B
单选题,大体积混凝土进行质量评定时，可按（）D临期的抗压强度控制。,D
单选题,目前，回弹弯沉最常用的测试方法是      。（  ）,B
单选题,土的强度性质通常是指土体的        。（  ）,C
单选题,当水泥土强度没有分形成时，表面遇水会软化导致沥青面层      。（ ）,C
单选题,（  ）是划分沥青标号的主要指标。,A
单选题,钢筋工程施工中，当钢筋受力不明确时应按        处理。（   ）,A
单选题,泥浆护壁桩在施工期间护筒内的泥浆面应高出地下水位     以上，在受水位涨落影响时，泥浆面应高出最高水位     以上。（    ）,C
单选题,下列属于悬臂浇筑主控项目的是        。（    ）,C
单选题,表征沥青路面材料稳定性能的路面使用指标的是       。（    ）,B
单选题,在移动模架上浇筑预应力混凝土连续梁时，浇筑分段施工缝应设在零点附近。(     ),B
单选题,路基过渡段级配碎石填筑时，级配碎石中针状和片状碎石含量应不大于     。（    ）,D
单选题,关于桥梁悬臂浇筑法施工的说法，错误的是        。（    ）,A
单选题,关于钢梁施工的说法，正确的是        。（    ）,D
单选题,钢筋弯折的弯弧内直径应符合下列规定：光圆钢筋，不应小于钢筋直径的（  ）倍 400PMa级带肋钢筋，不应小于钢筋直径的(   )倍。,D
单选题,预应力筋进场时，应按国家现行相关标准的规定抽取试件作（  ）、伸长率检验，其检验结果应符合相应标准的规定。,A
单选题,结构混凝土取样与试件留置，当一次连续浇筑超过1000m3时，同一配合比的混凝土每（  ）m3取样不得少于一次。,C
单选题,混凝土强度检验时的等效养护龄期可取日平均温度逐日累计达到600℃·d时所对应的龄期，且不应小于（  ）天。,B
单选题,开挖深度超过（ ）m（含选项）的基坑（槽）的土方开挖工程属于危险性较大的分部分项工程。,B
单选题,落地式钢管脚手架工程搭设高度超过（ ）m时，应当编制专项施工方案。,B
单选题,关于喷锚暗挖法二衬混凝土施工的说法，错误的是       。（    ）,D
单选题,搭设高度（ ）m及以上的落地式钢管脚手架工程属于超过一定规模的危险性较大的分部分项工程。,C
单选题,根据《A类基础设施业务管理手册》CSCEC83-IPC-2022相关规定，（ ）组织编制试验计划,B
单选题,根据《A类基础设施业务管理手册》CSCEC83-IPC-2022相关规定，（ ）审批试验计划,B
单选题,根据《A类基础设施业务管理手册》CSCEC83-IPC-2022相关规定，不合格试验由（ ）制定处置措施,B
单选题,根据《A类基础设施业务管理手册》CSCEC83-IPC-2022相关规 定，公路工程、铁路工程项目工地试验室组织内部验收由（）审批,A
单选题,根据《A类基础设施业务管理手册》CSCEC83-IPC-2022相关规定，C40以下水泥混凝土配合比由（）审批,B
单选题,根据《A类基础设施业务管理手册》CSCEC83-IPC-2022相关规定，C40及C40以上水泥混凝土配合比由（）审批,A
单选题,根据《A类基础设施业务管理手册》CSCEC83-IPC-2022相关规定，无机结合料、沥青混合料配合比由（）审批,A
单选题,根据《科技质量管理手册》CSCEC83-TQ-2022相关规定，施工现场抽取或制作的试件应有唯一性标识，同条件试件后缀为（）,B
单选题,根据《科技质量管理手册》CSCEC83-TQ-2022相关规定，计量设备的送外检定和自检，（）应按周期检定计划,C
单选题,根据《中建八局第三建设有限公司公路水运工程项目母体检测机构、工地试验室考核评价办法》，考核评价分为（）类,C
单选题,根据《中建八局第三建设有限公司公路水运工程项目母体检测机构、工地试验室考核评价办法》，考核评价（）分为优秀,A
单选题,根据《中建八局第三建设有限公司公路水运工程项目母体检测机构、工地试验室考核评价办法》，考核评价（）分为合格,C
单选题,根据《中建八局第三建设有限公司公路水运工程项目母体检测机构、工地试验室考核评价办法》，考核评价（）分为不合格,A
单选题,根据《中建八局第三建设有限公司公路水运工程项目母体检测机构、工地试验室考核评价办法》，项目部每（）开展1次考核活动,A
单选题,根据《中建八局第三建设有限公司公路水运工程项目母体检测机构、工地试验室考核评价办法》，二级单位每（）开展1次考核活动,B
单选题,根据《中建八局第三建设有限公司公路水运工程项目母体检测机构、工地试验室考核评价办法》，试验检测机构等级证书要求公路工程必须满足综合（）及以上或相应专项类资质,B
单选题,根据《中建八局第三建设有限公司公路水运工程项目母体检测机构、工地试验室考核评价办法》，公路水运工程质量试验检测管理信息系统近三年信用等级必须满足（）及以上等级,B
单选题,试样应按照（    ）时间顺序连续编号。,D
单选题,水泥或石灰剂量测定中，从加入钙红指示剂、滴定过程、滴定达到终点时的溶液颜色的变化过程（）,B
单选题,CMA是（    ）的英文缩写,B
单选题,混凝土拌合物坍落度试验从开始装料到提坍落度筒的整个过程应连续进行，应在（   ）s内完成,C
单选题,钢筋机械连接接头的力学性能检验以统一施工条件下同批材料、同等级、同规格、同型式的每（    ）个接头为一批，不足（    ）个也按一批计。,D
单选题,体积安定性不良的水泥，（  ）使用,A
单选题,P•O普通硅酸盐水泥其初凝时间不得早于（    ）min终凝时间不得迟于（    ）h。,B
单选题,压碎值指标是表示下列中哪种材料强度的指标？（    ）,B
单选题,下列钢材中，有明显屈服点的是：（    ）,B
单选题,在砼试验过程中应连续均匀地加荷，混凝土强度等级≥C30且<C60时，加荷速度取每秒钟 (     )MPa,A
单选题,手工铺砂法测路面构造深度时，推平板直径（  ）,A
单选题,CBR试件制作后，应泡水测定膨胀量，泡水时间通常为（    ）小时。,D
单选题,混凝土拌合物坍落度试验分（   ）层均匀地装入坍落度筒内。,C
单选题,混凝土拌合物坍落度试验每装一层混凝土拌合物应插捣（    ）次。,A
单选题,当钢筋采用搭接单面焊时，其搭接长度不应小于（    ）d 为钢筋直径,B
多选题,明洞衬砌施工方法有（      ）,ABCD
多选题,控制超挖采取的措施有（      ）,ABCD
多选题,爆破后，开挖断面应进行 （      ）检查。,ABCD
多选题,锚杆的类型分为（      ）。,ABCD
多选题,《公路工程的质量检验评定标准》中检查喷混凝土厚度的方法有。（      ）,ACD
多选题,隧道衬砌施工，须符合设计要求的项目是      。（      ）,ABCD
多选题,混凝土运送时，原则上应采用混凝土搅拌运输车，采用其它方法运送时，应确保混凝土运送中      。（      ）,ABC
多选题,一般公路隧道防排水工程质量要求是      。（      ）,ABCD
多选题,防水板焊接要点有      。（      ）,ABCD
多选题,稳定开挖面、防止地表地层下沉的辅助施工方法有      。（      ）,ABCD
多选题,山岭公路隧道施工方法有     。（      ）,ABD
多选题,为了最大限度地利用围岩本身具有的支承能力，根据围岩软硬情况，采取的爆破方法有      。（      ）,BC
多选题,炮眼的深度、角度、间距应按设计要求确定，并应符合      的精度要求。（      ）,ABCD
多选题,采用PVC复合防水层，应在二次衬砌施工前进行铺设，铺设时。（      ）,BCD
多选题,隧道施工遇有流沙，治理的措施包括      。（      ）,ABC
多选题,某隧道监控量测位移-时间曲线出现反弯点，现场施工应该      。,ABD
多选题,浅埋隧道地质条件很差时，宜采用哪些超前辅助方法施工      。（）,ABC
多选题,大体积混凝土施工中，为防止混凝土开裂，可采取的做法有      。（      ）,ACD
多选题,锚喷支护是一种符合岩体学原理的积极支护方法，具有良好的物理力学性能，锚喷支护较传统的构件支撑，无论在施工工艺和作用及效果都具有工程的特点有      。(      ),ABCD
多选题,山岭公路隧道洞门型式主要有      。(      ),ABCD
多选题,按测量仪器工具的使用和保管的要求，下列哪些情况下的仪器应停止使用      。（      ）,BCDE
多选题,铺设桥面防水层时，下列说法符合规定的是      。（      ）,ABD
多选题,下列钻孔灌注桩实测项目中，为关键项目的是      。（      ）,ABD
多选题,钻孔灌注桩基本要求是（      ）,ABC
多选题,关于模板、支架的拆除，说法错误的是      。（      ）,AC
多选题,路堤实验路段施工总结的内容包括      。(      ),ABCD
多选题,岩爆产生的主要因素为      。（      ）,BD
多选题,隧道工程常用防、排水系统是 （      ）,ABCD
多选题,隧道开挖面钻爆设计的炮眼种类有（      ）,ABD
多选题,预应力砼箱腹板开裂的可能原因有      。（      ）,ABCD
多选题,在支架上浇筑混凝土梁时，支架应稳定，强度、刚度应符合规范要求，支架      应满足施工后梁体设计标高的要求。（      ）,ACD
多选题,控制大体积混凝土水化热的方法有      。（      ）,ABD
多选题,对蜂窝、麻面、掉角等缺陷修补的方法是      。（      ）,ABC
多选题,土石方工程中，填筑压实的施工要求有      。（      ）,ACD
多选题,路基填方压实施工中容易发生“漏压”的部位有        。（）,BCE
多选题,在施工缝处继续浇筑混凝土时，应先做到      。（      ）,ABCE
多选题,处理软土地基的加固土桩有(    )。,AE
多选题,水泥混凝土路面断板的治理措施有(    )。,ABCE
多选题,后张法预制梁板施工中，张拉时预应力损失过大的原因有(   )。,BDE
多选题,根据《公路工程竣( 交) 工验收办法实施细则》，公路工程交工验收应具备的条件有(    )。,BCD
多选题,在EDTA滴定试验中，使用到的化学试剂包括（    ）,AD
多选题,目前混凝土无破损检测方法有（     ）,BCD
多选题,监理工程师应该按照工程监理规范的要求，采取（    ）等形式对建设工程实施监理,ABD
多选题,用碳化深度测定仪测定测量碳化深度值时，下列读数可能正确的是：（  ）,BC
多选题,用于回弹法批量检测的构件，混凝土应满足（ ）的一批同类构件，并随机抽取,ABC
多选题,钢绞线力学性能检测指标包括（ ）,BCE
多选题,采用JGJ/T 23-2011回弹法检测混凝土抗压强度，当回弹仪为非水平方向且测试面为混凝土的非浇筑侧面时，应对回弹值进行下列哪些修正：（ ）,AC
多选题,热拌摊铺沥青混合料的施工温度包括（     ）。,ACD
多选题,在EDTA滴定试验中，使用到的化学试剂包括（     ）。,AD
多选题,公路水运工程试验检测活动应当遵循科学、（    ）的原则。,BCD
多选题,下列属于消石灰的技术指标的有（  ）。,ABD
多选题,下列有关水泥混凝土的试件制作与坍落度说法不正确的是（  ）。,AD
多选题,影响灌砂法测定压实度结果的因素有 (    )。,BD
多选题,影响回弹法测量精度的因素有（   ）,ABCD
多选题,现场检测水泥混凝土路面强度，可以采用以下（      ）方法检测。,AD
多选题,在桩基完整性检测报告中，应给出（  ）,ABCD
多选题,喷射混凝土抗压试块制作方法有（     ）,BC
多选题,下列属于消石灰的技术指标的有（  ）。,ABD
多选题,下列有关水泥混凝土的试件制作与坍落度说法不正确的是（  ）。,AD
多选题,影响灌砂法测定压实度结果的因素有 (    )。,BD
判断题,隧道总体实测项目有隧道宽度.隧道净高.隧道偏位.线路中心线与隧道中心线的衔接以及边坡仰坡。,A
判断题,沉管法是将组装成一定长度的管段或钢筋棍凝土密封管段沉入水底开 挖的沟槽内的管道铺设方法。,A
判断题,有无超欠挖是洞身开挖外观鉴定的一项内容。,B
判断题,隧道衬砌墙面平整度的规定值或允许偏差为20mm。,A
判断题,喷射混凝土的工艺流程大致分为干喷、潮喷及湿喷。,B
判断题,二次衬砌混凝土强度达到5MPa时，方可拆模。,B
判断题,自稳性极差的围岩宜采取压注水泥砂浆或化学浆液加固。,A
判断题,隧道塌方后，应先清除塌体，再加固未塌方地段。,B
判断题,隧道围岩节理（裂隙）按其发育程度可分为节理不发育、节理较发育、节理发育。,B
判断题,隧道洞口工程包括石方开挖、洞口防护与排水工程、洞门建筑的制作、安装、明洞工程。,A
判断题,隧道洞身开挖时，拱脚、墙脚以上1m允许个别欠挖。,B
判断题,暗挖法修筑山岭公路隧道的施工方法有全断面法、台阶法、台阶分部法、上下导坑法、下导坑法、单侧壁导坑法（中壁墙法）、双侧壁导坑法。,A
判断题,钻爆作业是根据现场情况随机进行钻眼、装药、接线和引爆。,B
判断题,二次衬砌混凝土厚度检查验收时可允许个别地方厚度小于设计值。,B
判断题,判别深埋与浅埋隧道的分界，可按荷载等效高度值，并结合地质条件、施工方法等因素综合判定。,A
判断题,隧道遇到溶洞处理措施，分别以引、堵、越、绕等措施进行处理。,A
判断题,由于岩石风化需要一定时间，岩风化对开挖不生产影响。,B
判断题,衬砌的施工缝应与设计的沉降缝、伸缩缝结合布置，在有地下水的隧道中，所有施工缝、沉降缝和伸缩缝均应进行防水处理。,A
判断题,二次衬砌的施作，应在围岩和锚杆支护变形基本稳定后进行。,A
判断题,平面控制网可按精度划分为等与级两种规格，由高向低依 次宜为二、三、四等和一、二、三级。,A
判断题,冬期施工，混凝土拌合物的出机温度不宜低于10℃。,A
判断题,预应力筋张拉锚固后，孔道应尽早压浆，且应在72h内完成，否则应采取避免预应力筋锈蚀的措施。,B
判断题,有抗冻要求的桥涵混凝土工程，不得掺入引气剂，以免增加砼中含气量。,B
判断题,轴心受拉和小偏心受拉构件不应采用绑扎接头。,A
判断题,有抗渗要求的混凝土胶凝材料总量宜不小于300kg/立方米，砂率宜为35% -45%。,B
判断题,钢筋与模板之间设置的垫块，制作厚度不应出现负误差，正误差应不大于1mm。,B
判断题,后张预应力混凝土结构或构件的所有管道均应在每个顶点设排气孔及需要时在每个低点设排水孔。,A
判断题,预应力筋张拉锚固后，孔道应尽早压浆，且应在48h内完成，否则应采取避免预应力筋锈蚀的措施。,A
判断题,对后张预应力混凝土梁、板，在施加预应力后可将其从预制台座吊移至场内的存放台座上后在进行孔道压浆。,A
判断题,大体积混凝土工程的施工宜采用分层连续浇筑施工或推移式连续浇筑施工。,A
判断题,钢筋保护层垫块可用砂浆垫块，垫块数量和位置应符合设计要求。,B
判断题,混凝土运至浇筑地点后发生离析、坍落度不符合要求时，经试验人员现场同意后，可加水进行第二次搅拌。,B
判断题,用回弹法检测混凝土强度，计算测区平均值时应从测区的16个回弹值中剔除1个最大值和1个最小值。,B
判断题,加密网应按一级GPS测量精度施测，其精度应保证最弱相邻点点位中误差下于±10mm。,B
判断题,高强混凝土是指强度等级C50及以上的混凝土。,B
判断题,"网络RTK控制测量的测站设置,接收机的平面精度限值宜设置为20mm，高程精度限值宜设置为30mm。",A
判断题,大跨度拱桥悬浇拱圈时，应对拱肋在悬臂状态下的控制工况进行压屈分析计算，其压屈稳定系数大于3。,B
判断题,采用抗冻砂浆砌筑砌体时，抗冻砂浆使用时的温度可低于5℃，但不得低于3℃。,B
判断题,基坑开挖时，为了保证边坡稳定，土体强度越高，要求边坡系数m越大。,B
判断题,地下连续墙深入基坑底面一下一定深度，仅起到减小动水压力防止流砂的目的。,B
判断题,测距作业时，仪器及反光镜的对中偏差不应大于 2mm。,A
判断题,强风化石料，崩解性岩石和盐化岩石经处理合格后方可用于路基填筑,A
判断题,路基冬期施工，开挖至路床顶面以上0.5m时，停止开挖，待冬期过后再施工。,B
判断题,贝克曼梁法测定弯沉值，为规范规定的标准方法,A
判断题,套箱围堰分为有底套箱和无底套箱,A
判断题,钢板桩围堰适用于各类土的水中基坑,A
判断题,桥台等结构物台背回填，靠近结构物的地方采用大型机械碾压，增加压实度,B
判断题,导线测角中误差的计算可按左右角闭合差和导线方位角闭合差两种方式进行。,B
判断题,钻孔灌注桩施工中，如果施工顺利不需保留钻渣,B
判断题,三角形网的水平角观测宜采用方向观测法，二等三角形网 也可采用全组合观测法。,A
判断题,预应力孔道压浆用水泥浆强度不得低于20mpa,B
判断题,自行吊机架设法适用于各种桥梁架设梁板,B
判断题,拌合站存料场地料仓硬隔离墙，隔离墙高度不应小于2.5m,A
判断题,当水准路线需跨越江河、湖塘、宽沟、洼地、山谷等时，两岸测站和立尺点应对称布设；跨越距离小于200m时，可采用单线过河；大于200m 时，应采用双线过河并组成四边形闭合环。,A
判断题,当千斤顶使用时间超过6个月或张拉超过300次时，应重新进行标定,A
判断题,桥梁施工，结构外露的模板，挠度为模板构件跨度的1/400,A
判断题,预制构件的吊环 必须采用未经冷拉的热轧光因钢筋制作，且其使用时的计算拉应力应不大于60MPa。,B
判断题,重力挡土墙中应设置排水孔，排水孔土中一侧应设置反滤包,A
判断题,热拌沥青混合料路面摊铺结束，若需提前开放交通时，可洒水冷却降低混合料温度。,B
判断题,岩石抗压强度与混凝土强度等级之比对于C60及以上的混凝土，应不小于2，其余应不小于1。,B
判断题,沥青路面不得在气温低于8°C（高速公路和一级公路）或5°C（其他等级公路），以及雨天、路面潮湿的情况施工。,B
判断题,沥青路面工程应积极采用经试验和实践证明有效的新技术、新材料、新工艺。,A
判断题,路缘石宜采用石材或预制混凝土标准块。,A
判断题,土工织物是柔性材料，主要通过抗拉能力来受荷载以发挥其工程作用,A
判断题,水泥比表面积测定的环境条件是：湿度不大于50%,A
判断题,混凝土中的水泥用量越大，其质量就越好,B
判断题,水泥混凝土流动性大说明其和易性好,B
判断题,流动性大的混凝土比流动性小的混凝土的强度低,B
判断题,钢筋牌号HRB400中400指钢筋的极限强度,B
判断题,混凝土立方体抗压强度试验的标准养护条件为：温度20℃±2℃，相对湿度90%以上,B
判断题,钻芯法芯样经加工后，高度应为0.90～1.10d(d为芯样平均直径),B
判断题,细骨料和粗骨料取样的代表数量都按不超过400m³或600t为一个批次进行抽检,A
判断题,水泥混凝土流动性大说明其和易性好。（   ）,B
判断题,混凝土碳化主要危害是导致钢筋锈蚀。（   ）,A
判断题,试验机开机前的指针即使在零点时，不须进行调整，即可试验。（）,B
判断题,回弹法的检测面应为原状混凝土表面，并应清洁、平整，不应有疏松层。（   ）,A
判断题,在进行石灰有效氧化钙和氧化镁的测定时，应将生石灰样品打碎，使颗粒不大于1.18mm，拌和均匀后用四分法缩减至300g左右，放置瓷研钵中研细。（   ）,B
判断题,沥青针入度愈高，则沥青的感温性指标PI值就愈大。（    ）,B
判断题,对于大坍落度要求检测的扩展度，是指混凝土坍落后形成的最大直径尺寸和与之垂直方向测得的直径之和的平均值。（   ）,B
判断题,工地实际采用的水泥剂量宜比室内试验确定的剂量多0.5%-1%。（）,A
判断题,工地试验室的运行必须受母体试验检测机构的授权。（    ）,A
判断题,减水率是指掺用外加剂混凝土的用水量与不掺外加剂混凝土的用水量的比值。,B
判断题,沥青针入度愈高，则沥青的感温性指标PI值就愈大。（    ）,B
判断题,对于大坍落度要求检测的扩展度，是指混凝土坍落后形成的最大直径尺寸和与之垂直方向测得的直径之和的平均值。（   ）,B
判断题,工地实际采用的水泥剂量宜比室内试验确定的剂量多0.5%-1%。（）,A
判断题,工地试验室的运行必须受母体试验检测机构的授权。（    ）,A
判断题,减水率是指掺用外加剂混凝土的用水量与不掺外加剂混凝土的用水量的比值。,B
单选题,1983年“兵改工”之后，作为中国建筑行业“国家队”的三公司，艰苦创业、开拓经营，创造了（）个八局乃至中建系统第一。,D
单选题,截止2022年底，公司累计获国家科技进步一等奖（）项、二等奖（）项。,D
单选题,截止2022年底，公司累计获获鲁班奖（）项，国家优质工程（）项。,B
单选题,中建八局三公司的前身是基建工程兵（）。,A
单选题,三公司人创造的15个八局第一，其中第一个港口项目是（）。,C
单选题,三公司人创造的15个八局第一，其中第一个区域经营单位是（）。,B
单选题,三公司人创造的15个八局第一，其中第一个省级文明单位是哪一年度获得的（）。,C
单选题,三公司人创造的15个八局第一，其中第一个鲁班奖是（）。,A
单选题,三公司人创造的15个八局第一，其中第一个航天工程是（）。,C
单选题,三公司人创造的15个八局第一，其中第一个机场项目是（）。,C
单选题,三公司获得的建筑业第一个国家科技进步一等奖是（）。,A
单选题,三公司的第一个行业楷模是哪一年获得的（）。,D
单选题,三公司的第一个全国劳动模范是哪一年获得（）。,A
单选题,获得中宣部全国优秀政治思想工作典型的是哪个项目（）。,B
单选题,三公司人创造的15个八局第一，其中第一个电厂项目是（）。,B
单选题,三公司人创造的15个八局第一，其中第一个隧道项目是（）。,A
单选题,三公司第一个省级廉洁文化示范单位是哪一年获得的（）。,D
单选题,三公司人创造的15个八局第一，其中第一个高铁站房项目是（）。,C
单选题,遵循毛主席“一定要把淮河修好”指示建成的远东第一坝工程是（）。,B
单选题,"（）,建筑工程第四师在西安奉命撤销改编，与华东建筑工程局土木工程处，原西北第四土建公司合并，组建成为原国家建工部西北第二工程公司。",A
单选题,1958年，数百名技术骨干赴北京援建的项目是（）。,A
单选题,中国人民解放军基本建设工程兵第211大队改编组建的时间是（）。,B
单选题,曾当选党的十大代表，并到获邀出席建国25周年国庆招待会的是（）。,B
单选题,被南京军区党委授予“抗洪抢险英雄”称号，追记一等功，批准为烈士的是（）。,A
单选题,（），基建工程兵211大队奉命集体改编为中国建筑第八工程局第三建筑公司。,D
单选题,1984年，公司开始围绕创建（）开展活动，开展企业整顿补课。,C
单选题,公司成立后的首个工程是（）。,B
单选题,1988年，公司提出的战略决策方针是（）。,B
单选题,公司承建的（），是中建八局最早荣获省部级优质工程的住宅类项目。,C
单选题,55天完成主体，被《海南日报》称为“海南速度”的项目是（）。,B
单选题,1993年8月至1995年8月，公司承建了时为全国最大的钢结构轻型汽车厂房项目（）。,B
单选题,三公司代表中建八局承建的阿尔及利亚松树喜来登大酒店，举办了（）。,A
单选题,2002年6月，公司中标的（），是公司当年承揽的最大标的工程。,B
单选题,（），公司再次进入中建号码公司十强之列。,D
单选题,建成后成为我国混凝土建设机械三大生产基地之一，成为国内最先进的混凝土机械智能化工厂的项目是（）。,A
单选题,中建八局三公司精神之源是（）。,B
单选题,2014年8月开幕的南京青年奥林匹克运动会是中国首次举办的青奥会。22项青奥重大工程中，公司承建了（）项。,D
单选题,2021年夏，为应对突发的新冠疫情，三公司130小时在南京建成（）座消杀站。,C
单选题,1952年4月，公司前身在安徽省寿县集体改编为（）。,A
单选题,公司建设的南京烷基苯厂，年产烷基苯（）吨，为当时我国最大的烷基苯生产基地。,C
单选题,1978年-1979年建设的（）工程，为我国四大油港之一。,A 
单选题,1983年9月22日，公司组织机构完成架设，当时设立了（）个职能部门。,A
单选题,1983年9月22日，公司组织机构完成架设，当时设有（）个党群部门。,C
单选题,1983年9月22日，公司组织机构完成架设，当时设有（）个工程处。,C
单选题,1990年，公司经过不懈努力，打进了上海建筑市场，承接了（）工程。,D
单选题,（），公司提出“沿江一条线，沿海连成片”的战略部署。,D
单选题,1991年12月8日—1993年4月30日建设的（）项目，是海南省建省以来第一个鲁班奖工程,D
单选题,公司建设的（）项目，创造了三项世界第一的建筑奇迹，也铸就了大漠精神。,B
单选题,公司建设的（）项目被列为江苏省建筑业新技术应用示范工程和中国建筑总公司1996年科技推广示范工程。,C
单选题,公司参建的阿尔及利亚松树俱乐部项目，（）个月完成建设。,D
单选题,()，公司荣获江苏省文明单位称号。,A
单选题,（），公司建设南京邮政枢纽综合楼。,D
单选题,()，公司建设南京市秦淮区政府综合楼。,A 
单选题,（），公司荣获中国建筑500强称号。,A
单选题,2022年，公司荣获江苏省建筑百强企业第（）名。,A
单选题,2022年，公司综合实力位列中建集团号码公司第（）名。,B
单选题,2021年，公司建设的（）、国际青年文化中心、南京市公共卫生医疗中心、溧水区市民中心、侵华日军南京大屠杀遇难同胞纪念馆（三期）五大工程入选南京市“十三五”十大优秀公共建筑工程。,A
单选题,2021年，公司建设江苏大剧院、（）、南京市公共卫生医疗中心、溧水区市民中心、侵华日军南京大屠杀遇难同胞纪念馆（三期）五大工程入选南京市“十三五”十大优秀公共建筑工程。,D
单选题,2021年，公司建设的江苏大剧院、国际青年文化中心、（）、溧水区市民中心、侵华日军南京大屠杀遇难同胞纪念馆（三期）五大工程入选南京市“十三五”十大优秀公共建筑工程。,B
单选题,2021年，公司建设的江苏大剧院、国际青年文化中心、南京市公共卫生医疗中心、（）、侵华日军南京大屠杀遇难同胞纪念馆（三期）五大工程入选南京市“十三五”十大优秀公共建筑工程。,A
单选题,2021年，公司建设的江苏大剧院、国际青年文化中心、南京市公共卫生医疗中心、溧水区市民中心、()五大工程入选南京市“十三五”十大优秀公共建筑工程。,A
单选题,三公司海外分公司，已初步形成以（）为“战略市场”。,C
单选题,2021年5月，公司智能装配造桥机1.0在（）项目成功运行。,C
单选题,2022年11月，公司智能装配造桥机2.0在（）项目成功运行。,B
单选题,2001年，公司中标承建了（）航天工程。,A
单选题,（），公司五届五次职工暨工会代表大会在南京召开。,D
单选题, 公司荣获()“江苏省建筑业质量管理先进单位”，这是公司首次获此殊荣。,A
单选题,（），经北京华厦认证中心、9000质量认证中心专家组认真严格审核，公司顺利通过质量、环境、职业健康“三体系”认证复审。,B
单选题,2002年，公司中标（），建筑面积14万平方米，是公司承接的特大型体育设施工程。,A 
单选题,"(),公司荣获中华全国总工会、国家安全生产管理局共同颁发的“全国‘安康杯’竞赛优胜企业 ”称号，这是公司开展“安康杯”竞赛活动首次获得该最高荣誉。",C
单选题,2003年（），公司总承包的南京奥体中心体育场主体工程封顶暨钢结构屋盖安装仪式在施工现场隆重举行,D
单选题,2005年，公司承建的温州博物馆荣获（）。,D
单选题,"(),公司共青团第六次代表大会召开。",D
单选题,公司承建的()工程，荣获“2005年全国十大建设科技成就奖”。,B
单选题,2006年，公司承建的南京奥林匹克体育中心主体育场荣获（）。,C
单选题,"(),公司成立基础设施事业部",D
单选题,"在北京国家大剧院召开的中国建筑工程鲁班奖创立20周年纪念大会上,公司荣获（）。",D
单选题,"2007年10月12日 ,公司聘任()名人员为公司专家，并享受内部专家津贴。",D
单选题,5月  公司中标湖南省衡绍高速公路土建工程施工项目第3B合同段。该工程全长（），时为八局承建的最长的高速公路，该项目的承接标志着公司结构调整、进入基础设施领域取得了突破性进展。 ,A 
单选题,2007年（），中国建筑第八工程局第三建筑公司整体改制为中建八局第三建设有限公司，注册资本金6000万元。,A
单选题,2007年，公司承建的重庆唐家沱污水处理厂消化池工程荣获（）。,A 
单选题,2008年，公司承建的中国矿业大学信息管理学院、江苏连徐高速超市荣获（）。,D
单选题,2008年（），公司承建的南京万达工程项目举行开工典礼。,C
单选题,2008年（），启动公司内部办公网络管理平台，公司公文全部实行电子化。,D
单选题,2008年（），公司在南京总部多功能厅举行成立25周年庆典大会。,C
单选题, （），公司参建的京沪高铁南京南站站房工程开工。,B
单选题,"2014年11月,()工程荣获“中国土木工程詹天佑奖”。",C
单选题,2009年10月18日 ，公司承建的（）开工，地下3层，地上57层，将公司承建制高点刷新至242.10米。,B
单选题,"2009年，公司承建的郑州马头岗污水处理厂、常州体育场游泳馆工程荣获（）。
",A
单选题,2010年3月3日，公司基础设施事业部更名为（）。,A 
单选题,2010年3月3日，新技术公司更名为（）。,A
单选题,2010年7月，公司被江苏省纪委、江苏省委宣传部联合授予（）。,B
单选题,2010年10月，公司承建的苏州水厂一期工程被评为,D
单选题,2011年3月，公司被中国施工企业管理协会授予,D
单选题,"2011年5月13日 ，八局经营机构整合,三公司（）划归局直管。",C
单选题,2011年4月，公司南京南站项目部被中华全国总工会授予（）。,B
单选题,2011年（），公司通过特级资质核查组现场核查。,D
单选题,2012年4月，公司被中国海员建设工会评为（）。,B
单选题,2012年4月2日，李国被中华全国总工会授予（）。,A
单选题,2012年7月，公司被江苏省住房和城乡建设厅、江苏省统计局、江苏省商务厅评为（）。,D
单选题,2013年4月，公司被江苏省建筑业协会评为（）。,B
单选题,（）9月23日，公司在南京举行成立30周年庆典仪式。,C
单选题,2017年11月，公司被中央文明委授予（）荣誉，该奖项是物质文明、政治文明、精神文明建设综合性评价的国家级最高荣誉称号。,D
单选题,2014年10月，公司承建的（）被评为国家改革开放三十五周年“百项经典精品工程”。,A
单选题,2014年11月18日 ，国际奥委会主席巴赫视察了公司承建的（）项目。,D
单选题,2014年12月，公司承建的徐州混凝土建设机械产业化基地泵送产品联合厂房工程荣获（）。,B
单选题,2014年12月，公司承建的重庆轨道三号线红旗河沟车站及区间隧道工程荣获重庆市“市政工程金杯奖”，该工程在同类工程中为（），属于特大断面超浅埋隧道。,B
单选题,2014年12月，京沪高铁无锡东站站区配套基础设施工程（交通综合体）获（）。,D
单选题,2015年，由公司自主研发的创新式标准化产品——第一代“箱式厨房”投入使用，荣获（）。,A
单选题,2015年9月16日，公司总部乔迁至（）办公。,C
单选题,2015年11月19日 ，公司被江苏省科学技术厅、江苏省财政厅、江苏省国税局、江苏省地税局授予（）。,D
单选题,2015年12月10日 ，公司首次荣获由中国质量协会与全国用户委员会共同颁发的（）荣誉。,A
单选题,1990年9月26日，中建八局第三建筑公司()成立。,A
单选题,公司建设的（）为5A级高档写字楼，主要服务于银行金融机构，为上海陆家嘴地标性建筑，被列为上海市重点工程。,B
单选题,（），公司承建的江心洲污水处理厂扩建工程开工。,C
单选题,公司承建的海口市汇通大厦是海南建省后的第一幢高层，主体工程施工速度平均5天一层，最快4天一层，被（）称誉为“海南速度”。,A
单选题,公司建设的江苏省农业银行4号营业楼，荣获（）。,D 
单选题,公司承建的徐州移动大楼2003年竣工，是公司在徐州市公建领域的第一个（）。,C
单选题,公司建设的（）于2008年10月11日举办了常州市第十三届运动会开幕式。,D
单选题,（）工程是公司在南京市承接的第一个包含隧道主线的市政基础设施工程。,C
单选题,公司承建的（）是集演艺、会议、展示、娱乐等功能为一体的大型文化综合体，分为歌剧厅、音乐厅、戏剧厅、综艺厅、共享空间等五部分，是亚洲最大的剧院综合体。,B
单选题,公司承建的（）是中建八局2020年承建的合同额、体量最大的新基建项目。,A
单选题,公司承建的（）是南京古城核心区旧城改造项目，惠及一万余户居民。,B
单选题,公司承建的（）项目是院府合作的典型项目，为南京江北地区打造品质型、标杆性医院。,A 
单选题,（）是公司承建的首个市政道路综合性工程，于2014年6月30日竣工。,A
单选题,2022年，公司荣获（），该奖项为南京市人民政府设立的最高质量荣誉。,D
单选题,公司承建的（）项目于2022年6月24日竣工，并成为安徽省第十五届运动会主场馆。,D
单选题,2019年，公司在文化领域再获殊荣，荣获（）称号。,B
单选题,2021年，公司（）项目荣获詹天佑优秀住宅小区金奖。,A
单选题,2022年，公司在（）中斩获中建集团唯一金奖。,A
单选题,2022年，公司在企业社会责任领域再获殊荣，代表八局荣获（）。,A
单选题,"2022年,面对突发疫情，公司全力以赴，参与全国（）个集中隔离点和方舱医院等应急设施建设，累计建设隔离病房近2万间、方舱隔离床位2.2万个。",D
单选题,"2022年,面对突发疫情，公司全力以赴，参与全国27个集中隔离点和方舱医院等应急设施建设，累计建设隔离病房近()间、方舱隔离床位2.2万个。",D
单选题,"2022年,面对突发疫情，公司全力以赴，参与全国27个集中隔离点和方舱医院等应急设施建设，累计建设隔离病房近2万间、方舱隔离床位()个。",D
单选题,公司承建的（），是国内首个面积超过10万平方米的航站楼改扩建项目。,B
单选题,以南京禄口机场T1航站楼改扩建工程为载体的“大型航站楼技改综合施工技术研究”成果达到()。,B
单选题,公司（）项目，既保留了盐城火车站原有的城市记忆，又打造出展示盐城湿地文化的新地标。,A
多选题,2023年，公司的年度发展主题词是（）。,ABC
多选题,1977年4月后，公司前身211大队分批挥师南下，在南京及其周边地区建设了一批工程，包括（）。,ABCD
多选题,基建工程兵211团（大队）贯彻落实的十二字方针是（）。,ABC
多选题,1979年7月-1983年10月，承建的（）四栋高层建筑成为南京第一批高层建筑。,ABCD
多选题,1988年，公司经过努力，当年在()、()、()，注册成立了3个分公司。,ABC
多选题,三公司的四大核心精神是（）。,ABCD
多选题,以下哪些是三公司项目建设中形成的精神（）。,ABCD
多选题,公司建设的上海珠江玫瑰花园2号楼，荣获（）。,BCD
多选题,如今，三公司海外分公司，已初步形成以泰国为()，周边东南亚国家为()，非洲、美洲等地区为()的战略布局。,ABC
多选题,1999年，公司承建的甘肃金川有色金属公司综合办公楼荣获（）和（）两项奖项。,AB
多选题,公司承建的中国电子科技集团第三十八研究所科研综合楼荣获()和()。,AB
多选题,公司30周年庆典仪式上表彰了公司成立30周年()、（）、（）和（）等奖项。,ABCD
多选题,2015年11月 ，公司被中国建筑业协会授予（）和（）称号。,AB
多选题,公司承建的徐州重型机械厂总装分厂项目荣获以下奖项（）。,ABC
多选题,2002年7月，公司承建的江心洲污水处理厂扩建工程开工，工程荣获（）。,ABCD
多选题,公司承建的南京南站站房工程荣获（）。,ABC
多选题,公司承建的全国通信产业贸易中心大厦（通贸大厦），荣获（）。,AD
多选题,公司承建的温州市博物馆2003年竣工，荣获（）。,ABC
多选题,公司承建的周口市中心医院新建病房大楼2008年竣工，荣获（）,CD
多选题,公司建设的徐州美术馆工程于2010年11月19日竣工，荣获（）。,CD
多选题,苏州圆融星座工程为CBD国际级生态坡地都市综合体，荣获（）。,ABC
多选题,公司承建的以下（）项目荣获鲁班奖。,ACD
多选题,多年来，中建八局三公司（），持续推进企业高质量发展。,ABC
多选题,从1940年的皖东游击队到如今的三公司，公司的发展经历了哪些阶段（）。,ABCDEF
多选题,1983年，基建工程兵211大队奉命集体改编为中国建筑第八工程局第三建筑公司，公司发展经历了哪些阶段。（）,BCDEF
判断题,公司“大型航站楼技改综合施工技术研究”成果达到国内先进水平。,B
判断题,公司承建的南京国际博览中心三期工程荣获中国钢结构金奖。,A
判断题,扬子江国际会议中心金属屋面系统工程荣获金禹奖。,A 
判断题,平安幸福中心获得中国钢结构金奖、扬子杯。,B
判断题,"公司""装配式混凝土剪力墙结构技术创新研究与工程应用""获中国建筑集团有限公司科学技术奖。",A
判断题,1994年4月4日，三公司中南公司成立。,A
判断题,2009年4月1日，南京南站站房工程开工，工程于2011年6月30日竣工。,A
判断题,公司承建的安徽亳州民用机场项目是皖北第二个民用机场项目。,A
判断题,中建八局三公司六个项目首次获得ISA国际安全大奖。,A
判断题,公司南京市大厂污水处理厂新建工程（一期）获全国市政工程最高质量水平评价。,A
判断题,“医智维”是智慧科技公司自主研发的医院后勤保障系统“在线问诊”平台。,A
判断题,“砼智维”是智慧科技公司自主研发的医院后勤保障系统“在线问诊”平台。,B
判断题,2005年，公司承建的温州博物馆荣获扬子杯。,B
判断题,2021年5月，公司智能装配造桥机1.0在盐洛高速项目成功运行。,B
判断题,2022年11月，公司智能装配造桥机2.0在绿都大道项目成功运行。,B
判断题,公司自研的自行走测量机器人在盘城2号保障房项目实现应用。,A
判断题,公司申报的“江苏省数字城市智慧建造与运维工程研究中心”获江苏省发改委批复认定，这也是公司获得的首个省级工程研究中心。,A
判断题,2021年两岸企业家峰会于2021年12月7日在公司承建的扬子江国际会议中心举办。,A
判断题,公司承建的乔司至南苑连接线工程荣获良渚杯、市优“西湖杯”、国家优质工程奖等一系列荣誉，也是余杭区第一个市政类国家级奖项。,A
判断题,公司承建的溧水区市民中心工程荣获鲁班奖和国优奖。,B
判断题,公司承建的上海华泰金融大厦工程荣获国家优质工程奖。,A
判断题,公司承建的苏州工业园区体育中心工程荣获全球最佳体育场第二名，荣获鲁班奖和国优奖双奖。,A
判断题,公司承建的财盛大厦是海南建省后的第一幢高层，被称誉为“海南速度”。,B
判断题,2000年7月，公司承建的江心洲污水处理厂扩建工程开工。,B
判断题,公司的前身最早可以追溯到新四军皖东游击队。,A
判断题,公司的前身部队曾改编为华东野战军建制部队，参加了涟水、孟良崮、淮海等解放山东、安徽和苏北的大小数十次战役和战斗。,A
判断题,1954年1月，水利工程一师师部和两个团改编组成建筑工程第四师后进驻上海市，增补了施工技术力量，对原部队官兵进行了技术培训。,A
判断题,公司前身曾先后承建了西北光学仪器厂、东方机械厂、远东机械制造公司等10项重大工程。,A
判断题,1966年8月至1973年7月，211大队先后隶属基建工程兵整编办公室和基建工程兵西安指挥所，承担了陕西地区的“三线”建设重任。,A
判断题,1973年8月至1978年6月，211大队随基建工程兵22指挥部调驻辽宁省辽阳市，参加国家特大型重点工程辽阳石油化学纤维总厂的建设。,A
判断题,在建设辽化过程中，以参建总人数11%的施工力量完成了施工总面积23%的工作量任务，展现了铁军雄风。,A
判断题,1977年4月后，211大队分批挥师南下，在南京地区及其周边地区建设了南京炼油厂扩建工程、南京烷基苯厂等一批重点工程。,A
判断题,1977年—1982年，建设南京烷基苯厂，年产烷基苯7.2万吨，合成洗衣粉2.5万吨，为当时我国最大的烷基苯生产基地。,A
判断题,公司的四大核心精神是开拓、进取、无私、当担。,B
判断题,公司承建的徐州移动大楼2003年竣工，是公司在徐州市公建领域的第一个国优奖。,B
判断题,2013年，公司再次进入中建号码公司十强之列。,A
判断题,2022年，公司荣获江苏省建筑百强企业第五名。,B
判断题,公司承建的南京地铁九号线项目，是中建八局2020年承建的合同额、体量最大的新基建项目。,B
判断题,2021年，公司建设的江苏大剧院、国际青年文化中心、南京市公共卫生医疗中心、溧水区市民中心、侵华日军南京大屠杀遇难同胞纪念馆（三期）五大工程入选南京市“十三五”十大优秀公共建筑工程。,A
判断题,公司承建的南京奥林匹克体育中心主体育场工程，荣获“2005年全国十大建设科技成就奖”。,A
